gene_id,monomer_id,min_functional_units,num_complexes,is_functional
Unknown,CYDA-MONOMER[m],0.0,1,False
Unknown,G7394-MONOMER[c],0.0,1,False
Unknown,EG11298-MONOMER[c],0.0,1,False
Unknown,G7553-MONOMER[c],0.0,1,False
Unknown,EG11852-MONOMER[c],0.0,1,False
Unknown,PYRUVFORMLY-MONOMER[c],0.0,1,False
Unknown,FORMYLTHFDEFORMYL-MONOMER[c],0.0,1,False
Unknown,EUTC-MONOMER[c],0.0,1,False
Unknown,EUTB-MONOMER[c],0.0,1,False
Unknown,TRG-MONOMER[i],0.0,1,False
Unknown,MONOMER0-2822[m],0.0,1,False
Unknown,MONOMER0-2663[i],0.0,1,False
Unknown,CYDB-MONOMER[m],0.0,1,False
Unknown,TPI-MONOMER[c],0.0,1,False
Unknown,HOMO-CYS[c],0.0,1,False
Unknown,CPLX0-7759[c],0.0,1,False
Unknown,G7940-MONOMER[c],0.0,1,False
Unknown,EG12309-MONOMER[c],0.0,1,False
Unknown,G7530-MONOMER[c],0.0,1,False
Unknown,EG12048-MONOMER[c],0.0,1,False
Unknown,FRWC-MONOMER[i],0.0,1,False
Unknown,FRWB-MONOMER[c],0.0,1,False
Unknown,EG11912-MONOMER[c],0.0,1,False
Unknown,EG11906-MONOMER[c],0.0,1,False
Unknown,NARZ-MONOMER[m],0.0,1,False
Unknown,NARY-MONOMER[m],0.0,1,False
Unknown,G6913-MONOMER[c],0.0,1,False
Unknown,EG10841-MONOMER[e],0.0,1,False
Unknown,EG10322-MONOMER[j],0.0,2,False
Unknown,EG10321-MONOMER[e],0.0,1,False
Unknown,PSTS-MONOMER[p],0.0,1,False
Unknown,PSTC-MONOMER[i],0.0,1,False
Unknown,PSTB-MONOMER[i],0.0,1,False
Unknown,PSTA-MONOMER[m],0.0,1,False
Unknown,FORMATEDEHYDROGH-MONOMER[c],0.0,1,False
Unknown,DIAMINOPIMDECARB-MONOMER[c],0.0,1,False
Unknown,EG11254-MONOMER[c],0.0,1,False
Unknown,G6521-MONOMER[c],0.0,1,False
Unknown,6PGLUCONDEHYDROG-MONOMER[c],0.0,1,False
Unknown,NARV-MONOMER[m],0.0,1,False
Unknown,G6804-MONOMER[c],0.0,1,False
Unknown,EG11430-MONOMER[c],0.0,1,False
Unknown,G6261-MONOMER[c],0.0,1,False
Unknown,EG11703-MONOMER[p],0.0,2,False
Unknown,ACRD-MONOMER[i],0.0,1,False
Unknown,G7853-MONOMER[c],0.0,1,False
Unknown,G7689-MONOMER[c],0.0,1,False
Unknown,EG10741-MONOMER[c],0.0,1,False
Unknown,PD00196[c],0.0,1,False
Unknown,G7325-MONOMER[c],0.0,2,False
Unknown,EG12216-MONOMER[c],0.0,1,False
Unknown,G7059-MONOMER[p],0.0,1,False
Unknown,FOCA-MONOMER[i],0.0,1,False
Unknown,THREDEHYDCAT-MONOMER[c],0.0,1,False
Unknown,OMPR-MONOMER[c],0.0,1,False
Unknown,DGTPTRIPHYDRO-MONOMER[c],0.0,1,False
Unknown,CCME-MONOMER[i],0.0,1,False
Unknown,G6329-MONOMER[c],0.0,1,False
Unknown,YIIP-MONOMER[i],0.0,1,False
Unknown,FTSX-MONOMER[o],0.0,1,False
Unknown,FTSE-MONOMER[c],0.0,1,False
Unknown,G6278-MONOMER[c],0.0,1,False
Unknown,G7423-MONOMER[c],0.0,1,False
Unknown,G7060-MONOMER[i],0.0,1,False
Unknown,IMP-DEHYDROG-MONOMER[c],0.0,1,False
Unknown,LIPIDADISACCHARIDESYNTH-MONOMER[c],0.0,1,False
Unknown,G7399-MONOMER[i],0.0,1,False
Unknown,AMINEOXID-MONOMER[p],0.0,1,False
Unknown,G7865-MONOMER[c],0.0,1,False
Unknown,EG11835-MONOMER[c],0.0,1,False
Unknown,G6540-MONOMER[c],0.0,1,False
Unknown,EG10443-MONOMER[c],0.0,1,False
Unknown,EG10442-MONOMER[c],0.0,2,False
Unknown,NAG6PDEACET-MONOMER[c],0.0,1,False
Unknown,PURE-MONOMER[c],0.0,1,False
Unknown,MALDEXPHOSPHORYL-MONOMER[c],0.0,1,False
Unknown,EG12344-MONOMER[c],0.0,1,False
Unknown,MALATE-DEHASE-MONOMER[c],0.0,1,False
Unknown,GLUTDECARBOXB-MONOMER[c],0.0,1,False
Unknown,YADQ-MONOMER[i],0.0,1,False
Unknown,ENTA-MONOMER[c],0.0,1,False
Unknown,NIKE-MONOMER[i],0.0,1,False
Unknown,NIKD-MONOMER[i],0.0,1,False
Unknown,NIKC-MONOMER[i],0.0,1,False
Unknown,NIKB-MONOMER[i],0.0,1,False
Unknown,NIKA-MONOMER[p],0.0,1,False
Unknown,SPERMACTRAN-MONOMER[c],0.0,1,False
Unknown,G7657-MONOMER[c],0.0,1,False
Unknown,EG11757-MONOMER[c],0.0,1,False
Unknown,G7365-MONOMER[c],0.0,2,False
Unknown,EG11346-MONOMER[p],0.0,2,False
Unknown,G7160-MONOMER[c],0.0,1,False
Unknown,G7314-MONOMER[m],0.0,1,False
Unknown,G6717-MONOMER[c],0.0,1,False
Unknown,NIRD-MONOMER[c],0.0,1,False
Unknown,NIRB-MONOMER[c],0.0,1,False
Unknown,MONOMER0-82[i],0.0,1,False
Unknown,DTMPKI-MONOMER[c],0.0,1,False
Unknown,ASP-SEMIALDEHYDE-DEHYDROGENASE-MONOMER[c],0.0,1,False
Unknown,EG11299-MONOMER[i],0.0,1,False
Unknown,EG11879-MONOMER[c],0.0,1,False
Unknown,G7234-MONOMER[c],0.0,1,False
Unknown,G7345-MONOMER[m],0.0,1,False
Unknown,OPPA-MONOMER[p],0.0,1,False
Unknown,THIOESTERI-MONOMER[p],0.0,1,False
Unknown,G6713-MONOMER[c],0.0,1,False
Unknown,G6711-MONOMER[c],0.0,1,False
Unknown,G6710-MONOMER[c],0.0,1,False
Unknown,G6709-MONOMER[c],0.0,1,False
Unknown,EG11652-MONOMER[p],0.0,1,False
Unknown,EG10144-MONOMER[c],0.0,1,False
Unknown,EG11101-MONOMER[c],0.0,1,False
Unknown,EG10697-MONOMER[c],0.0,1,False
Unknown,MEND-MONOMER[i],0.0,1,False
Unknown,G7244-MONOMER[c],0.0,1,False
Unknown,EG10698-MONOMER[c],0.0,1,False
Unknown,G6675-MONOMER[c],0.0,1,False
Unknown,G6909-MONOMER[c],0.0,1,False
Unknown,G6908-MONOMER[c],0.0,1,False
Unknown,G6907-MONOMER[c],0.0,1,False
Unknown,EG11598-MONOMER[c],0.0,1,False
Unknown,G7005-MONOMER[c],0.0,1,False
Unknown,FEPG-MONOMER[i],0.0,1,False
Unknown,FEPD-MONOMER[i],0.0,1,False
Unknown,FEPC-MONOMER[i],0.0,1,False
Unknown,FEPB-MONOMER[p],0.0,1,False
Unknown,ASPS-MONOMER[c],0.0,1,False
Unknown,G6810-MONOMER[i],0.0,1,False
Unknown,EG11023-MONOMER[c],0.0,1,False
Unknown,EG10869-MONOMER[c],0.0,1,False
Unknown,EG10868-MONOMER[c],0.0,1,False
Unknown,EG10867-MONOMER[c],0.0,1,False
Unknown,EG10866-MONOMER[c],0.0,1,False
Unknown,EG10865-MONOMER[c],0.0,1,False
Unknown,EG10864-MONOMER[c],0.0,1,False
Unknown,FRVB-MONOMER[i],0.0,1,False
Unknown,FRVA-MONOMER[m],0.0,1,False
Unknown,MTLA-MONOMER[i],0.0,1,False
Unknown,MONOMER0-282[o],0.0,1,False
Unknown,CYTDEAM-MONOMER[c],0.0,1,False
Unknown,PD02233[c],0.0,1,False
Unknown,LSERINEDEAM3-MONOMER[c],0.0,1,False
Unknown,ADCLY-MONOMER[c],0.0,1,False
Unknown,6PFK-1-MONOMER[c],0.0,1,False
Unknown,RIBOFLAVIN-SYN-MONOMER[c],0.0,1,False
Unknown,TU0-8839[c],0.0,1,False
Unknown,PHOSACETYLTRANS-MONOMER[c],0.0,1,False
Unknown,MONOMER0-541[c],0.0,1,False
Unknown,EG10597-MONOMER[c],0.0,1,False
Unknown,EG10596-MONOMER[c],0.0,2,False
Unknown,EG10826-MONOMER[c],0.0,1,False
Unknown,EG10825-MONOMER[c],0.0,1,False
Unknown,EG10824-MONOMER[c],0.0,1,False
Unknown,FLIN-FLAGELLAR-C-RING-SWITCH[m],0.0,2,False
Unknown,H2PTEROATESYNTH-MONOMER[c],0.0,1,False
Unknown,ARTJ-MONOMER[p],0.0,1,False
Unknown,Pi[p],0.0,1,False
Unknown,PHOR-CPLX[c],0.0,1,False
Unknown,YADH-MONOMER[i],0.0,1,False
Unknown,YADG-MONOMER[i],0.0,1,False
Unknown,MONOMER0-147[c],0.0,1,False
Unknown,DSBG-MONOMER[p],0.0,1,False
Unknown,ASPARTASE-MONOMER[c],0.0,1,False
Unknown,MOTB-FLAGELLAR-MOTOR-STATOR-PROTEIN[i],0.0,2,False
Unknown,MOTA-FLAGELLAR-MOTOR-STATOR-PROTEIN[i],0.0,2,False
Unknown,G361-MONOMER[c],0.0,1,False
Unknown,G7055-MONOMER[c],0.0,1,False
Unknown,FLIM-FLAGELLAR-C-RING-SWITCH[i],0.0,2,False
Unknown,FLIG-FLAGELLAR-SWITCH-PROTEIN[i],0.0,2,False
Unknown,FLIF-FLAGELLAR-MS-RING[i],0.0,2,False
Unknown,FLGI-FLAGELLAR-P-RING[j],0.0,2,False
Unknown,FLGH-FLAGELLAR-L-RING[j],0.0,2,False
Unknown,FLGG-FLAGELLAR-MOTOR-ROD-PROTEIN[o],0.0,2,False
Unknown,FLGF-FLAGELLAR-MOTOR-ROD-PROTEIN[j],0.0,2,False
Unknown,FLGC-FLAGELLAR-MOTOR-ROD-PROTEIN[j],0.0,2,False
Unknown,FLGB-FLAGELLAR-MOTOR-ROD-PROTEIN[j],0.0,2,False
Unknown,EG11967-MONOMER[e],0.0,1,False
Unknown,EG11545-MONOMER[e],0.0,1,False
Unknown,G6759-MONOMER[c],0.0,1,False
Unknown,PDXK-MONOMER[c],0.0,1,False
Unknown,FADB-MONOMER[c],0.0,1,False
Unknown,FADA-MONOMER[c],0.0,1,False
Unknown,EG11918-MONOMER[p],0.0,1,False
Unknown,EG11676-MONOMER[c],0.0,2,False
Unknown,YPHE-MONOMER[i],0.0,1,False
Unknown,YPHD-MONOMER[i],0.0,1,False
Unknown,G7342-MONOMER[p],0.0,1,False
Unknown,EG12310-MONOMER[c],0.0,1,False
Unknown,THIF-MONOMER[c],0.0,1,False
Unknown,EG10284-MONOMER[c],0.0,1,False
Unknown,URAA-MONOMER[i],0.0,1,False
Unknown,KDPD-MONOMER[c],0.0,1,False
Unknown,SERS-MONOMER[c],0.0,1,False
Unknown,PKII-MONOMER[c],0.0,1,False
Unknown,GDHA-MONOMER[c],0.0,1,False
Unknown,G6865-MONOMER[i],0.0,1,False
Unknown,G7500-MONOMER[i],0.0,1,False
Unknown,G7499-MONOMER[c],0.0,1,False
Unknown,EG12172-MONOMER[c],0.0,1,False
Unknown,4FE-4S[c],0.0,1,False
Unknown,CPLX0-7797[c],0.0,1,False
Unknown,THYMIDYLATESYN-MONOMER[c],0.0,1,False
Unknown,ANSA-MONOMER[c],0.0,1,False
Unknown,HYBC-MONOMER[i],0.0,2,False
Unknown,EG11547-MONOMER[c],0.0,1,False
Unknown,EG10416-MONOMER[c],0.0,1,False
Unknown,G6715-MONOMER[c],0.0,1,False
Unknown,G6714-MONOMER[c],0.0,1,False
Unknown,EG10455-MONOMER[c],0.0,1,False
Unknown,3-OXOACYL-ACP-SYNTHII-MONOMER[c],0.0,1,False
Unknown,G7286-MONOMER[c],0.0,1,False
Unknown,G6428-MONOMER[c],0.0,1,False
Unknown,TDPFUCACTRANS-MONOMER[c],0.0,1,False
Unknown,ARABISOM-MONOMER[c],0.0,1,False
Unknown,G7663-MONOMER[c],0.0,1,False
Unknown,MONOMER0-145[m],0.0,2,False
Unknown,NAD-SYNTH-MONOMER[c],0.0,1,False
Unknown,HYBA-MONOMER[i],0.0,2,False
Unknown,EG11800-MONOMER[i],0.0,2,False
Unknown,EG11160-MONOMER[m],0.0,1,False
Unknown,CARNDEHYDRA-MONOMER[c],0.0,1,False
Unknown,EG11549-MONOMER[c],0.0,1,False
Unknown,YCBM-MONOMER[m],0.0,1,False
Unknown,YCBE-MONOMER[i],0.0,1,False
Unknown,G6478-MONOMER[m],0.0,1,False
Unknown,EG11568-MONOMER[i],0.0,1,False
Unknown,EG12054-MONOMER[i],0.0,1,False
Unknown,EG12052-MONOMER[i],0.0,1,False
Unknown,PHOSGLUCOSAMINEMUT-MONOMER[c],0.0,1,False
Unknown,G6644-MONOMER[c],0.0,1,False
Unknown,EG10528-MONOMER[o],0.0,1,False
Unknown,UMPKI-MONOMER[c],0.0,1,False
Unknown,G7727-MONOMER[c],0.0,1,False
Unknown,PD00219[c],0.0,1,False
Unknown,EG10735-MONOMER[c],0.0,1,False
Unknown,ADHC-MONOMER[c],0.0,1,False
Unknown,ARTQ-MONOMER[i],0.0,2,False
Unknown,ARTP-MONOMER[i],0.0,2,False
Unknown,ARTM-MONOMER[i],0.0,2,False
Unknown,ARTI-MONOMER[p],0.0,1,False
Unknown,COPROGENOXI-MONOMER[c],0.0,1,False
Unknown,H2NEOPTERINALDOL-MONOMER[c],0.0,1,False
Unknown,MONOMER0-2001[c],0.0,1,False
Unknown,MONOMER0-6[i],0.0,1,False
Unknown,G7250-MONOMER[c],0.0,1,False
Unknown,G7246-MONOMER[m],0.0,1,False
Unknown,RIBULPEPIM-MONOMER[c],0.0,1,False
Unknown,LTAA-MONOMER[c],0.0,1,False
Unknown,NUCLEOSIDE-DIP-KIN-MONOMER[c],0.0,1,False
Unknown,THZ-KIN-MONOMER[c],0.0,1,False
Unknown,RFFTRANS-MONOMER[c],0.0,1,False
Unknown,EMRB-MONOMER[i],0.0,1,False
Unknown,EG11354-MONOMER[i],0.0,1,False
Unknown,TRYPTOPHAN-MONOMER[c],0.0,1,False
Unknown,G6645-MONOMER[c],0.0,1,False
Unknown,G6874-MONOMER[i],0.0,2,False
Unknown,G6873-MONOMER[c],0.0,2,False
Unknown,G6872-MONOMER[i],0.0,2,False
Unknown,G6871-MONOMER[i],0.0,2,False
Unknown,EG12073-MONOMER[i],0.0,1,False
Unknown,EG10618-MONOMER[c],0.0,2,False
Unknown,TAP-MONOMER[i],0.0,1,False
Unknown,ACNEULY-MONOMER[c],0.0,1,False
Unknown,G6106-MONOMER[c],0.0,1,False
Unknown,GLYC3PDEHYDROGBIOSYN-MONOMER[c],0.0,1,False
Unknown,LYSS-MONOMER[c],0.0,1,False
Unknown,G7626-MONOMER[c],0.0,1,False
Unknown,G6875-MONOMER[i],0.0,2,False
Unknown,EG11828-MONOMER[c],0.0,1,False
Unknown,CARBPSYN-SMALL[c],0.0,1,False
Unknown,CARBPSYN-LARGE[c],0.0,1,False
Unknown,PD03831[c],0.0,2,False
Unknown,EG11094-MONOMER[c],0.0,1,False
Unknown,EG10927-MONOMER[c],0.0,1,False
Unknown,TYR[c],0.0,1,False
Unknown,G6811-MONOMER[c],0.0,1,False
Unknown,NRDF-MONOMER[c],0.0,2,False
Unknown,URPHOS-MONOMER[c],0.0,1,False
Unknown,KDPGALDOL-4OH2OXOGLUTARALDOL-MONOMER[c],0.0,1,False
Unknown,ANTHRANSYNCOMPI-MONOMER[c],0.0,1,False
Unknown,ERYTH4PDEHYDROG-MONOMER[c],0.0,1,False
Unknown,MONOMER-162[c],0.0,1,False
Unknown,G6959-MONOMER[c],0.0,1,False
Unknown,G6673-MONOMER[c],0.0,1,False
Unknown,G7168-MONOMER[m],0.0,1,False
Unknown,EG11261-MONOMER[c],0.0,1,False
Unknown,G7489-MONOMER[c],0.0,1,False
Unknown,EG10202-MONOMER[p],0.0,1,False
Unknown,RIBOFLAVINSYNDEAM-MONOMER[c],0.0,1,False
Unknown,G7877-MONOMER[c],0.0,1,False
Unknown,EG10575-MONOMER[c],0.0,1,False
Unknown,ANTHRANSYNCOMPII-MONOMER[c],0.0,1,False
Unknown,G6500-MONOMER[c],0.0,1,False
Unknown,G7456-MONOMER[c],0.0,1,False
Unknown,BADH-MONOMER[c],0.0,1,False
Unknown,PRO[c],0.0,1,False
Unknown,PUTA-CPLX[c],0.0,1,False
Unknown,G7242-MONOMER[c],0.0,1,False
Unknown,EG10613-MONOMER[m],0.0,1,False
Unknown,SGCC-MONOMER[i],0.0,1,False
Unknown,SGCA-MONOMER[c],0.0,1,False
Unknown,MONOMER0-2121[c],0.0,1,False
Unknown,G7347-MONOMER[i],0.0,1,False
Unknown,G6876-MONOMER[i],0.0,2,False
Unknown,G7348-MONOMER[i],0.0,1,False
Unknown,PYRROLINECARBREDUCT-MONOMER[c],0.0,1,False
Unknown,G7192-MONOMER[c],0.0,1,False
Unknown,E2P-MONOMER[c],0.0,1,False
Unknown,E1P-MONOMER[c],0.0,2,False
Unknown,G7058-MONOMER[p],0.0,1,False
Unknown,PEPCARBOX-MONOMER[c],0.0,1,False
Unknown,G7678-MONOMER[c],0.0,1,False
Unknown,ADENPRIBOSYLTRAN-MONOMER[c],0.0,1,False
Unknown,PD00257[c],0.0,2,False
Unknown,G6494-MONOMER[c],0.0,1,False
Unknown,EG11534-MONOMER[c],0.0,1,False
Unknown,3-OXOACYL-ACP-REDUCT-MONOMER[c],0.0,1,False
Unknown,YJDE-MONOMER[i],0.0,1,False
Unknown,UGPE-MONOMER[m],0.0,1,False
Unknown,UGPC-MONOMER[m],0.0,1,False
Unknown,UGPB-MONOMER[m],0.0,1,False
Unknown,UGPA-MONOMER[m],0.0,1,False
Unknown,EG12373-MONOMER[c],0.0,1,False
Unknown,EG10764-MONOMER[c],0.0,1,False
Unknown,GLYOXI-MONOMER[c],0.0,1,False
Unknown,EG10725-MONOMER[c],0.0,1,False
Unknown,EG11210-MONOMER[c],0.0,1,False
Unknown,MONOMER0-1041[c],0.0,2,False
Unknown,FOLD-MONOMER[c],0.0,1,False
Unknown,MALK-MONOMER[m],0.0,1,False
Unknown,EG11281-MONOMER[c],0.0,1,False
Unknown,ARGDECARBOXDEG-MONOMER[c],0.0,1,False
Unknown,YNEA-MONOMER[p],0.0,1,False
Unknown,YDEZ-MONOMER[i],0.0,1,False
Unknown,YDEY-MONOMER[i],0.0,1,False
Unknown,YDEX-MONOMER[i],0.0,1,False
Unknown,EG10943-MONOMER[c],0.0,1,False
Unknown,SAPF-MONOMER[i],0.0,1,False
Unknown,SAPD-MONOMER[i],0.0,1,False
Unknown,SAPC-MONOMER[i],0.0,1,False
Unknown,SAPB-MONOMER[i],0.0,1,False
Unknown,G7748-MONOMER[c],0.0,1,False
Unknown,THIOESTERII-MONOMER[c],0.0,1,False
Unknown,MALG-MONOMER[m],0.0,1,False
Unknown,EG10625-MONOMER[c],0.0,1,False
Unknown,EG10624-MONOMER[c],0.0,1,False
Unknown,YCFW-MONOMER[i],0.0,1,False
Unknown,YCFV-MONOMER[i],0.0,1,False
Unknown,YCFU-MONOMER[p],0.0,1,False
Unknown,NAGE-MONOMER[i],0.0,1,False
Unknown,ACSERLYB-MONOMER[c],0.0,1,False
Unknown,GLN[c],0.0,1,False
Unknown,FRUCBISALD-CLASSI-MONOMER[c],0.0,1,False
Unknown,G7816-MONOMER[p],0.0,1,False
Unknown,G6760-MONOMER[c],0.0,1,False
Unknown,EG10203-MONOMER[p],0.0,1,False
Unknown,PROS-MONOMER[c],0.0,1,False
Unknown,GLUCONREDUCT-MONOMER[c],0.0,1,False
Unknown,EG11191-MONOMER[c],0.0,1,False
Unknown,PPX-MONOMER[i],0.0,1,False
Unknown,UDHA-MONOMER[c],0.0,1,False
Unknown,G7885-MONOMER[c],0.0,1,False
Unknown,DEOA-MONOMER[c],0.0,1,False
Unknown,G6680-MONOMER[c],0.0,1,False
Unknown,TRANSALDOLB-MONOMER[c],0.0,1,False
Unknown,BARA-MONOMER[i],0.0,1,False
Unknown,SMALLILVM-MONOMER[c],0.0,1,False
Unknown,G8221-MONOMER[c],0.0,1,False
Unknown,2-OCTAPRENYL-METHOXY-BENZOQ-METH-MONOMER[c],0.0,1,False
Unknown,AROG-MONOMER[c],0.0,1,False
Unknown,3-ISOPROPYLMALDEHYDROG-MONOMER[c],0.0,1,False
Unknown,NUON-MONOMER[m],0.0,1,False
Unknown,NUOM-MONOMER[m],0.0,1,False
Unknown,NUOL-MONOMER[m],0.0,1,False
Unknown,NUOK-MONOMER[m],0.0,1,False
Unknown,NUOJ-MONOMER[m],0.0,1,False
Unknown,NUOH-MONOMER[m],0.0,1,False
Unknown,NUOA-MONOMER[m],0.0,1,False
Unknown,CPLX0-7702[c],0.0,1,False
Unknown,QUINOLINATE-SYNTHA-MONOMER[c],0.0,1,False
Unknown,G7531-MONOMER[c],0.0,1,False
Unknown,MALF-MONOMER[m],0.0,1,False
Unknown,MALE-MONOMER[m],0.0,1,False
Unknown,AMP-NUCLEOSID-MONOMER[c],0.0,1,False
Unknown,MONOMER0-1701[c],0.0,1,False
Unknown,HISTPHOSTRANS-MONOMER[c],0.0,1,False
Unknown,EG12366-MONOMER[c],0.0,1,False
Unknown,EG10375-MONOMER[c],0.0,2,False
Unknown,GLNQ-MONOMER[i],0.0,1,False
Unknown,GLNP-MONOMER[i],0.0,1,False
Unknown,GLNH-MONOMER[p],0.0,1,False
Unknown,EG11865-MONOMER[c],0.0,1,False
Unknown,HYPOXANPRIBOSYLTRAN-MONOMER[c],0.0,1,False
Unknown,EG10870-MONOMER[c],0.0,1,False
Unknown,CYSN-MONOMER[c],0.0,1,False
Unknown,CYSD-MONOMER[c],0.0,1,False
Unknown,TAGAALDOL1-MONOMER[c],0.0,1,False
Unknown,ACETYLORNDEACET-MONOMER[c],0.0,1,False
Unknown,DALADEHYDROGA-MONOMER[i],0.0,1,False
Unknown,OCTAPRENYL-METHYL-METHOXY-BENZOQ-OH-MON[c],0.0,1,False
Unknown,OCTAPRENYL-METHOXYPHENOL-OH-MONOMER[c],0.0,1,False
Unknown,G7582-MONOMER[c],0.0,1,False
Unknown,EG11474-MONOMER[c],0.0,1,False
Unknown,EG11333-MONOMER[c],0.0,1,False
Unknown,DHHB-METHYLTRANSFER-MONOMER[c],0.0,1,False
Unknown,BTUC-MONOMER[m],0.0,1,False
Unknown,EG11398-MONOMER[p],0.0,1,False
Unknown,G7350-MONOMER[i],0.0,1,False
Unknown,FUMB-MONOMER[c],0.0,1,False
Unknown,G7901-MONOMER[c],0.0,1,False
Unknown,MONOMER0-5[i],0.0,1,False
Unknown,1-PFK-MONOMER[c],0.0,1,False
Unknown,EG10486-MONOMER[c],0.0,1,False
Unknown,EG10485-MONOMER[c],0.0,1,False
Unknown,CITRYLY-MONOMER[c],0.0,1,False
Unknown,AROC-MONOMER[c],0.0,1,False
Unknown,EG12334-MONOMER[m],0.0,1,False
Unknown,BTUD-MONOMER[m],0.0,1,False
Unknown,CYSP-MONOMER[p],0.0,1,False
Unknown,EG11888-MONOMER[c],0.0,1,False
Unknown,APHA-MONOMER[p],0.0,1,False
Unknown,EG12026-MONOMER[c],0.0,1,False
Unknown,UPPSYN-MONOMER[c],0.0,1,False
Unknown,NRDB-MONOMER[c],0.0,2,False
Unknown,G6770-MONOMER[c],0.0,1,False
Unknown,O-SUCCHOMOSERLYASE-MONOMER[c],0.0,1,False
Unknown,MONOMER0-1501[c],0.0,1,False
Unknown,GLUCOSE-1-PHOSPHAT-MONOMER[p],0.0,1,False
Unknown,EG10424-MONOMER[c],0.0,1,False
Unknown,EG10423-MONOMER[c],0.0,1,False
Unknown,EG10976-MONOMER[c],0.0,1,False
Unknown,EG10571-MONOMER[c],0.0,2,False
Unknown,G6939-MONOMER[p],0.0,1,False
Unknown,EG10837-MONOMER[c],0.0,1,False
Unknown,EG10113-MONOMER[c],0.0,1,False
Unknown,ALDDEHYDROGB-MONOMER[c],0.0,1,False
Unknown,G7492-MONOMER[c],0.0,1,False
Unknown,BIOTIN-CARBOXYL-MONOMER[c],0.0,1,False
Unknown,HOMSUCTRAN-MONOMER[c],0.0,1,False
Unknown,GUTB-MONOMER[c],0.0,1,False
Unknown,GUTA-MONOMER[i],0.0,1,False
Unknown,G8210-MONOMER[m],0.0,1,False
Unknown,METHYLMALONYL-COA-MUT-MONOMER[c],0.0,1,False
Unknown,KDO-8PSYNTH-MONOMER[c],0.0,1,False
Unknown,ACETYLORNTRANSAM-MONOMER[c],0.0,1,False
Unknown,INDOLE[p],0.0,1,False
Unknown,PD00348[c],0.0,1,False
Unknown,PD00347[c],0.0,1,False
Unknown,G6755-MONOMER[c],0.0,1,False
Unknown,TU543[c],0.0,1,False
Unknown,EG10862-MONOMER[c],0.0,1,False
Unknown,EG11544-MONOMER[c],0.0,1,False
Unknown,FABZ-MONOMER[m],0.0,1,False
Unknown,G7007-MONOMER[i],0.0,1,False
Unknown,EG12410-MONOMER[c],0.0,1,False
Unknown,EG11731-MONOMER[c],0.0,1,False
Unknown,TYRB-MONOMER[c],0.0,1,False
Unknown,UDPHYDROXYMYRGLUCOSAMNACETYLTRANS-MONO[c],0.0,1,False
Unknown,G7263-MONOMER[c],0.0,1,False
Unknown,HOLO-ACP-SYNTH-MONOMER[c],0.0,1,False
Unknown,ARGT-MONOMER[p],0.0,1,False
Unknown,UDPGLCNACEPIM-MONOMER[c],0.0,1,False
Unknown,MONOMER0-12[i],0.0,1,False
Unknown,KDPB-MONOMER[i],0.0,1,False
Unknown,EG10515-MONOMER[i],0.0,1,False
Unknown,EG10513-MONOMER[i],0.0,1,False
Unknown,G6520-MONOMER[c],0.0,1,False
Unknown,ASNSYNB-MONOMER[c],0.0,1,False
Unknown,LUMAZINESYN-MONOMER[c],0.0,1,False
Unknown,G6277-MONOMER[c],0.0,1,False
Unknown,G7454-MONOMER[c],0.0,1,False
Unknown,EG10572-MONOMER[c],0.0,1,False
Unknown,EG10483-MONOMER[i],0.0,1,False
Unknown,GLYOCARBOLIG-MONOMER[c],0.0,1,False
Unknown,YRBF-MONOMER[i],0.0,1,False
Unknown,YRBE-MONOMER[i],0.0,1,False
Unknown,G7658-MONOMER[c],0.0,1,False
Unknown,EG12799-MONOMER[i],0.0,1,False
Unknown,PD01343[c],0.0,1,False
Unknown,7-ALPHA-HYDROXYSTEROID-DEH-MONOMER[c],0.0,1,False
Unknown,GLUC1PURIDYLTRANS-MONOMER[c],0.0,1,False
Unknown,CAIT-MONOMER[i],0.0,1,False
Unknown,EG10921-MONOMER[c],0.0,1,False
Unknown,FUM-MEMB2[m],0.0,1,False
Unknown,FUM-MEMB1[m],0.0,1,False
Unknown,FUM-FLAVO[c],0.0,1,False
Unknown,FUM-FE-S[c],0.0,1,False
Unknown,EG11535-MONOMER[c],0.0,1,False
Unknown,ASPKINIHOMOSERDEHYDROGI-MONOMER[c],0.0,1,False
Unknown,EG12313-MONOMER[c],0.0,1,False
Unknown,EG12033-MONOMER[c],0.0,1,False
Unknown,GLUC1PADENYLTRANS-MONOMER[c],0.0,1,False
Unknown,ALAS-MONOMER[c],0.0,1,False
Unknown,DIHYDROPICRED-MONOMER[c],0.0,1,False
Unknown,G6417-MONOMER[i],0.0,1,False
Unknown,EG11064-MONOMER[c],0.0,1,False
Unknown,NARQ-MONOMER[i],0.0,1,False
Unknown,MACB[m],0.0,1,False
Unknown,MACA[m],0.0,1,False
Unknown,EG12391-MONOMER[c],0.0,1,False
Unknown,EG10967-MONOMER[c],0.0,1,False
Unknown,TU0-12938[c],0.0,1,False
Unknown,EG10300-MONOMER[c],0.0,1,False
Unknown,NAG1P-URIDYLTRANS-MONOMER[c],0.0,1,False
Unknown,TTDB-MONOMER[c],0.0,1,False
Unknown,TTDA-MONOMER[c],0.0,1,False
Unknown,MALTODEXGLUCOSID-MONOMER[c],0.0,1,False
Unknown,ARGSUCCINSYN-MONOMER[c],0.0,1,False
Unknown,EG12173-MONOMER[i],0.0,1,False
Unknown,YHDZ-MONOMER[i],0.0,1,False
Unknown,YHDY-MONOMER[i],0.0,1,False
Unknown,YHDX-MONOMER[i],0.0,1,False
Unknown,YHDW-MONOMER[p],0.0,1,False
Unknown,EG11517-MONOMER[c],0.0,1,False
Unknown,EG10215-MONOMER[c],0.0,1,False
Unknown,DMBPPRIBOSYLTRANS-MONOMER[c],0.0,1,False
Unknown,G6281-MONOMER[c],0.0,1,False
Unknown,ADP[c],0.0,1,False
Unknown,CYDD-MONOMER[i],0.0,1,False
Unknown,CYDC-MONOMER[i],0.0,1,False
Unknown,G7702-MONOMER[i],0.0,1,False
Unknown,PDXA-MONOMER[c],0.0,1,False
Unknown,O-SUCCINYLBENZOATE-COA-LIG-MONOMER[c],0.0,1,False
Unknown,PANTOTHENATE-KIN-MONOMER[c],0.0,1,False
Unknown,FRUCTBISALD-CLASSII-MONOMER[c],0.0,1,False
Unknown,EG12030-MONOMER[c],0.0,1,False
Unknown,G7193-MONOMER[c],0.0,1,False
Unknown,G6196-MONOMER[c],0.0,1,False
Unknown,EG11580-MONOMER[c],0.0,1,False
Unknown,G7840-MONOMER[i],0.0,1,False
Unknown,PD00339[c],0.0,1,False
Unknown,EG10467-MONOMER[c],0.0,1,False
Unknown,YLID-MONOMER[i],0.0,1,False
Unknown,EG10342-MONOMER[i],0.0,1,False
Unknown,G6285-MONOMER[c],0.0,1,False
Unknown,G6851-MONOMER[c],0.0,1,False
Unknown,H2NTPEPIM-MONOMER[c],0.0,1,False
Unknown,RIBOKIN-MONOMER[c],0.0,1,False
Unknown,LIVG-MONOMER[m],0.0,2,False
Unknown,LIVF-MONOMER[c],0.0,2,False
Unknown,EG11211-MONOMER[c],0.0,1,False
Unknown,EMRE-MONOMER[i],0.0,1,False
Unknown,FABA-MONOMER[c],0.0,1,False
Unknown,EG11811-MONOMER[c],0.0,1,False
Unknown,G7424-MONOMER[i],0.0,1,False
Unknown,ARAG-MONOMER[c],0.0,1,False
Unknown,YLIC-MONOMER[i],0.0,1,False
Unknown,PANTEPADENYLYLTRAN-MONOMER[c],0.0,1,False
Unknown,EG10454-MONOMER[c],0.0,1,False
Unknown,G7711-MONOMER[i],0.0,1,False
Unknown,G7710-MONOMER[i],0.0,1,False
Unknown,G7709-MONOMER[i],0.0,1,False
Unknown,G7708-MONOMER[i],0.0,1,False
Unknown,G7707-MONOMER[i],0.0,1,False
Unknown,G7706-MONOMER[i],0.0,1,False
Unknown,G7705-MONOMER[i],0.0,1,False
Unknown,G7704-MONOMER[i],0.0,1,False
Unknown,G7703-MONOMER[m],0.0,1,False
Unknown,YNJC-MONOMER[m],0.0,1,False
Unknown,G370-MONOMER[i],0.0,1,False
Unknown,EG11977-MONOMER[i],0.0,1,False
Unknown,EG11976-MONOMER[j],0.0,1,False
Unknown,EG11975-MONOMER[i],0.0,1,False
Unknown,EG11656-MONOMER[c],0.0,1,False
Unknown,EG11224-MONOMER[j],0.0,1,False
Unknown,THIOREDOXIN-REDUCT-NADPH-MONOMER[c],0.0,1,False
Unknown,EG10155-MONOMER[o],0.0,1,False
Unknown,G7740-MONOMER[c],0.0,1,False
Unknown,MONOMER0-2488[c],0.0,1,False
Unknown,EG10320-MONOMER[c],0.0,1,False
Unknown,YNJD-MONOMER[i],0.0,1,False
Unknown,G377-MONOMER[c],0.0,1,False
Unknown,G6949-MONOMER[p],0.0,1,False
Unknown,PORPHOBILSYNTH-MONOMER[c],0.0,1,False
Unknown,G7313-MONOMER[c],0.0,1,False
Unknown,HMP-P-KIN-MONOMER[c],0.0,1,False
Unknown,EG12844-MONOMER[c],0.0,2,False
Unknown,G6491-MONOMER[p],0.0,1,False
Unknown,MHPDHYDROL-MONOMER[c],0.0,1,False
Unknown,ANSB-MONOMER[p],0.0,1,False
Unknown,LYSDECARBOX-MONOMER[c],0.0,1,False
Unknown,GLUTAMIDOTRANS-MONOMER[c],0.0,1,False
Unknown,CYCLASE-MONOMER[c],0.0,1,False
Unknown,PAPSSULFOTRANS-MONOMER[c],0.0,1,False
Unknown,YLIB-MONOMER[p],0.0,1,False
Unknown,YLIA-MONOMER[i],0.0,1,False
Unknown,EG11404-MONOMER[c],0.0,1,False
Unknown,FDOI-MONOMER[i],0.0,1,False
Unknown,FDOH-MONOMER[m],0.0,1,False
Unknown,FDOG-MONOMER[c],0.0,1,False
Unknown,DUTP-PYROP-MONOMER[c],0.0,1,False
Unknown,G6174-MONOMER[c],0.0,1,False
Unknown,PROTEIN-PII[c],0.0,1,False
Unknown,G6334-MONOMER[c],0.0,1,False
Unknown,EG11905-MONOMER[c],0.0,1,False
Unknown,ATP[c],0.0,1,False
Unknown,EG11192-MONOMER[c],0.0,1,False
Unknown,LACTALDDEHYDROG-MONOMER[c],0.0,1,False
Unknown,YDDS-MONOMER[p],0.0,1,False
Unknown,YDDR-MONOMER[i],0.0,1,False
Unknown,YDDQ-MONOMER[i],0.0,1,False
Unknown,YDDP-MONOMER[i],0.0,1,False
Unknown,YDDO-MONOMER[i],0.0,1,False
Unknown,G7233-MONOMER[i],0.0,1,False
Unknown,EMRY-MONOMER[i],0.0,1,False
Unknown,G7924-MONOMER[c],0.0,1,False
Unknown,G7028-MONOMER[i],0.0,1,False
Unknown,G378-MONOMER[c],0.0,1,False
Unknown,G6414-MONOMER[o],0.0,1,False
Unknown,HYDROPEROXIDI-MONOMER[c],0.0,1,False
Unknown,EG11663-MONOMER[c],0.0,1,False
Unknown,CYANLY-MONOMER[c],0.0,1,False
Unknown,G6550-MONOMER[c],0.0,1,False
Unknown,PHENDEHYD-MONOMER[c],0.0,1,False
Unknown,G6784-MONOMER[i],0.0,2,False
Unknown,G7406-MONOMER[i],0.0,1,False
Unknown,G7405-MONOMER[i],0.0,1,False
Unknown,EG10542-MONOMER[c],0.0,1,False
Unknown,EG11245-MONOMER[c],0.0,1,False
Unknown,G6544-MONOMER[o],0.0,1,False
Unknown,G6543-MONOMER[o],0.0,1,False
Unknown,FHUB-MONOMER[i],0.0,1,False
Unknown,TAR-MONOMER[i],0.0,1,False
Unknown,YBDE-MONOMER[m],0.0,1,False
Unknown,G6322-MONOMER[p],0.0,1,False
Unknown,G6321-MONOMER[p],0.0,1,False
Unknown,G6320-MONOMER[m],0.0,1,False
Unknown,HOMOSERKIN-MONOMER[c],0.0,1,False
Unknown,GLUTATHIONE-REDUCT-NADPH-MONOMER[m],0.0,1,False
Unknown,METQ-MONOMER[m],0.0,1,False
Unknown,METI-MONOMER[m],0.0,1,False
Unknown,ABC-MONOMER[m],0.0,1,False
Unknown,THREDEHYDSYN-MONOMER[c],0.0,1,False
Unknown,ASPKINIIHOMOSERDEHYDROGII-MONOMER[c],0.0,1,False
Unknown,DIHYDROOROT-MONOMER[c],0.0,1,False
Unknown,EG11881-MONOMER[c],0.0,2,False
Unknown,ALKAPHOSPHA-MONOMER[p],0.0,1,False
Unknown,EG11816-MONOMER[c],0.0,1,False
Unknown,EG10143-MONOMER[c],0.0,1,False
Unknown,ASPAMINOTRANS-MONOMER[c],0.0,1,False
Unknown,7KAPSYN-MONOMER[c],0.0,1,False
Unknown,AGMATIN-MONOMER[c],0.0,1,False
Unknown,EG10236-MONOMER[c],0.0,1,False
Unknown,ATOD-MONOMER[c],0.0,2,False
Unknown,PUTA-MONOMER[c],0.0,1,False
Unknown,G6358-MONOMER[c],0.0,1,False
Unknown,DXPREDISOM-MONOMER[i],0.0,1,False
Unknown,EG10609-MONOMER[i],0.0,1,False
Unknown,G7880-MONOMER[c],0.0,1,False
Unknown,GTP-CYCLOHYDRO-II-MONOMER[c],0.0,1,False
Unknown,NITRATE[p],0.0,1,False
Unknown,NARX-CPLX[i],0.0,1,False
Unknown,FE+3[p],0.0,1,False
Unknown,GMP-REDUCT-MONOMER[c],0.0,1,False
Unknown,EG11149-MONOMER[c],0.0,1,False
Unknown,GLY[c],0.0,2,False
Unknown,AKBLIG-MONOMER[c],0.0,1,False
Unknown,FHUD-MONOMER[p],0.0,1,False
Unknown,FHUC-MONOMER[i],0.0,1,False
Unknown,EG10882-MONOMER[c],0.0,1,False
Unknown,EG11232-MONOMER[c],0.0,1,False
Unknown,EG11231-MONOMER[c],0.0,1,False
Unknown,EG10892-MONOMER[c],0.0,1,False
Unknown,EG10891-MONOMER[c],0.0,1,False
Unknown,EG10890-MONOMER[c],0.0,1,False
Unknown,EG10889-MONOMER[c],0.0,1,False
Unknown,EG10888-MONOMER[c],0.0,1,False
Unknown,EG10887-MONOMER[c],0.0,1,False
Unknown,EG10886-MONOMER[c],0.0,1,False
Unknown,EG10885-MONOMER[c],0.0,1,False
Unknown,EG10884-MONOMER[c],0.0,1,False
Unknown,EG10883-MONOMER[c],0.0,1,False
Unknown,EG50001-MONOMER[c],0.0,1,False
Unknown,EG10881-MONOMER[c],0.0,1,False
Unknown,EG10880-MONOMER[c],0.0,1,False
Unknown,EG10879-MONOMER[c],0.0,1,False
Unknown,EG10878-MONOMER[c],0.0,1,False
Unknown,EG10877-MONOMER[c],0.0,1,False
Unknown,EG10876-MONOMER[c],0.0,1,False
Unknown,EG10875-MONOMER[c],0.0,1,False
Unknown,EG10874-MONOMER[c],0.0,1,False
Unknown,EG10873-MONOMER[c],0.0,3,False
Unknown,EG10872-MONOMER[c],0.0,1,False
Unknown,EG10871-MONOMER[c],0.0,2,False
Unknown,G7020-MONOMER[c],0.0,1,False
Unknown,PHENYLPRODIOXY-MONOMER[c],0.0,1,False
Unknown,HCAD-MONOMER[c],0.0,1,False
Unknown,HCAC-MONOMER[c],0.0,1,False
Unknown,HCAA2-MONOMER[c],0.0,1,False
Unknown,FUMC-MONOMER[c],0.0,1,False
Unknown,GLUTRNAREDUCT-MONOMER[c],0.0,1,False
Unknown,EG10695-MONOMER[c],0.0,1,False
Unknown,DEOD-MONOMER[c],0.0,1,False
Unknown,EG10490-MONOMER[c],0.0,1,False
Unknown,EG10580-MONOMER[p],0.0,1,False
Unknown,G7597-MONOMER[c],0.0,1,False
Unknown,EG11085-MONOMER[c],0.0,1,False
Unknown,EG11761-MONOMER[c],0.0,1,False
Unknown,ACRB-MONOMER[m],0.0,1,False
Unknown,CYTIDINE[c],0.0,1,False
Unknown,CPLX0-7740[c],0.0,1,False
Unknown,G7158-MONOMER[c],0.0,1,False
Unknown,MALIC-NADP-MONOMER[c],0.0,1,False
Unknown,CITSYN-MONOMER[c],0.0,1,False
Unknown,G7455-MONOMER[c],0.0,1,False
Unknown,G7366-MONOMER[c],0.0,1,False
Unknown,RRLA-RRNA[c],0.0,1,False
Unknown,RRFA-RRNA[c],0.0,1,False
Unknown,EG50002-MONOMER[c],0.0,1,False
Unknown,G7212-MONOMER[c],0.0,1,False
Unknown,EG11132-MONOMER[c],0.0,1,False
Unknown,XYLH-MONOMER[i],0.0,1,False
Unknown,XYLG-MONOMER[m],0.0,1,False
Unknown,XYLF-MONOMER[p],0.0,1,False
Unknown,OROTPDECARB-MONOMER[c],0.0,1,False
Unknown,DIHYDROXYACIDDEHYDRAT-MONOMER[c],0.0,1,False
Unknown,ADENYLOSUCCINATE-SYN-MONOMER[c],0.0,1,False
Unknown,PD00297[c],0.0,1,False
Unknown,GMP-SYN-MONOMER[c],0.0,1,False
Unknown,BGLF-MONOMER[i],0.0,1,False
Unknown,PD01352[c],0.0,1,False
Unknown,G7213-MONOMER[c],0.0,1,False
Unknown,EG10018-MONOMER[i],0.0,1,False
Unknown,PD00194[c],0.0,1,False
Unknown,TYRS-MONOMER[c],0.0,1,False
Unknown,UGD-MONOMER[c],0.0,1,False
Unknown,YEJF-MONOMER[i],0.0,1,False
Unknown,YEJE-MONOMER[i],0.0,1,False
Unknown,YEJB-MONOMER[i],0.0,1,False
Unknown,YEJA-MONOMER[p],0.0,1,False
Unknown,RRSA-RRNA[c],0.0,1,False
Unknown,EG10920-MONOMER[c],0.0,1,False
Unknown,EG10919-MONOMER[c],0.0,1,False
Unknown,EG10918-MONOMER[c],0.0,1,False
Unknown,EG10917-MONOMER[c],0.0,1,False
Unknown,ASCF-MONOMER[i],0.0,1,False
Unknown,G6501-MONOMER[c],0.0,1,False
Unknown,LEUD-MONOMER[c],0.0,1,False
Unknown,LEUC-MONOMER[c],0.0,1,False
Unknown,EG10603-MONOMER[c],0.0,1,False
Unknown,THREODEHYD-MONOMER[c],0.0,1,False
Unknown,PGLYCDEHYDROG-MONOMER[c],0.0,1,False
Unknown,INORGPYROPHOSPHAT-MONOMER[c],0.0,1,False
Unknown,AIRS-MONOMER[c],0.0,1,False
Unknown,G6762-MONOMER[o],0.0,1,False
Unknown,EG12374-MONOMER[c],0.0,1,False
Unknown,EG10307-MONOMER[c],0.0,1,False
Unknown,OPPSYN-MONOMER[c],0.0,1,False
Unknown,EG10916-MONOMER[c],0.0,1,False
Unknown,PABASYN-COMPII-MONOMER[c],0.0,1,False
Unknown,PABASYN-COMPI-MONOMER[c],0.0,1,False
Unknown,URACIL-PRIBOSYLTRANS-MONOMER[c],0.0,1,False
Unknown,G6660-MONOMER[c],0.0,1,False
Unknown,GALACTARDEHYDRA-MONOMER[c],0.0,1,False
Unknown,SUC[p],0.0,1,False
Unknown,DCUS-MONOMER[c],0.0,1,False
Unknown,ISOCITDEH-SUBUNIT[c],0.0,1,False
Unknown,MONOMER-43[c],0.0,1,False
Unknown,GDPMANMANHYDRO-MONOMER[c],0.0,1,False
Unknown,G7184-MONOMER[c],0.0,1,False
Unknown,RBSC-MONOMER[m],0.0,1,False
Unknown,EG11212-MONOMER[c],0.0,1,False
Unknown,DMSC-MONOMER[i],0.0,1,False
Unknown,DMSB-MONOMER[i],0.0,1,False
Unknown,DMSA-MONOMER[i],0.0,1,False
Unknown,LYXK-MONOMER[c],0.0,1,False
Unknown,ALARACEBIOSYN-MONOMER[c],0.0,1,False
Unknown,G6444-MONOMER[c],0.0,1,False
Unknown,EG11167-MONOMER[i],0.0,1,False
Unknown,PD00250[c],0.0,1,False
Unknown,EG11249-MONOMER[c],0.0,2,False
Unknown,DIACYLGLYKIN-MONOMER[i],0.0,1,False
Unknown,EG10201-MONOMER[p],0.0,1,False
Unknown,YBHF-MONOMER[i],0.0,1,False
Unknown,RBSB-MONOMER[m],0.0,1,False
Unknown,RBSA-MONOMER[m],0.0,1,False
Unknown,ACETOLACTSYNIII-ICHAIN-MONOMER[c],0.0,1,False
Unknown,ACETOLACTSYNIII-HCHAIN-MONOMER[c],0.0,1,False
Unknown,EG10694-MONOMER[c],0.0,1,False
Unknown,GLTL-MONOMER[i],0.0,1,False
Unknown,GLTK-MONOMER[i],0.0,1,False
Unknown,GLTJ-MONOMER[i],0.0,1,False
Unknown,G6359-MONOMER[p],0.0,1,False
Unknown,EG11643-MONOMER[i],0.0,1,False
Unknown,G7271-MONOMER[c],0.0,1,False
Unknown,EG10903-MONOMER[c],0.0,1,False
Unknown,EG10915-MONOMER[c],0.0,1,False
Unknown,EG10914-MONOMER[c],0.0,1,False
Unknown,EG10913-MONOMER[c],0.0,1,False
Unknown,EG10912-MONOMER[c],0.0,1,False
Unknown,EG10911-MONOMER[c],0.0,1,False
Unknown,EG10910-MONOMER[c],0.0,1,False
Unknown,EG10909-MONOMER[c],0.0,1,False
Unknown,EG10908-MONOMER[c],0.0,1,False
Unknown,EG10907-MONOMER[c],0.0,1,False
Unknown,EG10906-MONOMER[c],0.0,1,False
Unknown,EG10905-MONOMER[c],0.0,1,False
Unknown,EG10904-MONOMER[c],0.0,1,False
Unknown,HYDROPEROXIDII-MONOMER[c],0.0,1,False
Unknown,EG10902-MONOMER[c],0.0,1,False
Unknown,EG10901-MONOMER[c],0.0,1,False
Unknown,EG10900-MONOMER[c],0.0,1,False
Unknown,G7629-MONOMER[c],0.0,1,False
Unknown,EG10955-MONOMER[c],0.0,1,False
Unknown,G6906-MONOMER[c],0.0,2,False
Unknown,G6905-MONOMER[c],0.0,1,False
Unknown,G6529-MONOMER[i],0.0,1,False
Unknown,G6528-MONOMER[i],0.0,1,False
Unknown,YBHS-MONOMER[m],0.0,1,False
Unknown,YBHR-MONOMER[m],0.0,1,False
Unknown,G7790-MONOMER[c],0.0,1,False
Unknown,G6303-MONOMER[c],0.0,1,False
Unknown,SPERMIDINESYN-MONOMER[c],0.0,1,False
Unknown,EG12007-MONOMER[i],0.0,1,False
Unknown,G7596-MONOMER[c],0.0,1,False
Unknown,GPMA-MONOMER[c],0.0,1,False
Unknown,EG11870-MONOMER[c],0.0,1,False
Unknown,MONOMER0-185[c],0.0,1,False
Unknown,ACETYLGLUTKIN-MONOMER[c],0.0,1,False
Unknown,BIOTIN-SYN-MONOMER[c],0.0,1,False
Unknown,EG10159-MONOMER[c],0.0,3,False
Unknown,EG10158-MONOMER[c],0.0,4,False
Unknown,G6783-MONOMER[i],0.0,2,False
Unknown,RIB5PISOMA-MONOMER[c],0.0,1,False
Unknown,G7616-MONOMER[c],0.0,1,False
Unknown,SAICARSYN-MONOMER[c],0.0,1,False
Unknown,G6882-MONOMER[c],0.0,1,False
Unknown,G6960-MONOMER[c],0.0,1,False
Unknown,EG12260-MONOMER[i],0.0,1,False
Unknown,EG12259-MONOMER[i],0.0,1,False
Unknown,HISS-MONOMER[c],0.0,1,False
Unknown,YHBN-MONOMER[o],0.0,1,False
Unknown,YHBG-MONOMER[i],0.0,1,False
Unknown,G7889-MONOMER[m],0.0,1,False
Unknown,G7888-MONOMER[m],0.0,1,False
Unknown,G7664-MONOMER[m],0.0,1,False
Unknown,DTDPGLUCOSEPP2-MONOMER[c],0.0,1,False
Unknown,GLUTKIN-MONOMER[c],0.0,1,False
Unknown,G7662-MONOMER[c],0.0,1,False
Unknown,EG12132-MONOMER[c],0.0,1,False
Unknown,YJCX-MONOMER[m],0.0,1,False
Unknown,YJCW-MONOMER[i],0.0,1,False
Unknown,YJCV-MONOMER[i],0.0,1,False
Unknown,PD01103[c],0.0,1,False
Unknown,GLUTATHIONE-SYN-MONOMER[c],0.0,1,False
Unknown,ACETYL-COA-ACETYLTRANSFER-MONOMER[c],0.0,1,False
Unknown,GABATRANSAM-MONOMER[c],0.0,1,False
Unknown,PRPPSYN-MONOMER[c],0.0,1,False
Unknown,ACYLCOASYN-MONOMER[c],0.0,1,False
Unknown,EG11569-MONOMER[o],0.0,2,False
Unknown,ARGDECARBOXBIO-MONOMER[p],0.0,1,False
Unknown,PD03938[c],0.0,1,False
Unknown,RCSB-MONOMER[c],0.0,3,False
Unknown,G7948-MONOMER[c],0.0,1,False
Unknown,G7641-MONOMER[c],0.0,1,False
Unknown,SBMA-MONOMER[i],0.0,1,False
Unknown,YJCG-MONOMER[i],0.0,1,False
Unknown,MGLC-MONOMER[i],0.0,1,False
Unknown,MGLB-MONOMER[p],0.0,1,False
Unknown,MGLA-MONOMER[i],0.0,1,False
Unknown,DALADALALIGB-MONOMER[c],0.0,1,False
Unknown,EG10574-MONOMER[c],0.0,2,False
Unknown,FDNH-MONOMER[m],0.0,2,False
Unknown,FDNG-MONOMER[m],0.0,2,False
Unknown,EG11414-MONOMER[c],0.0,2,False
Unknown,EG11413-MONOMER[c],0.0,2,False
Unknown,EG10244-MONOMER[c],0.0,1,False
Unknown,G7516-MONOMER[c],0.0,1,False
Unknown,ATOA-MONOMER[c],0.0,2,False
Unknown,EG12209-MONOMER[i],0.0,1,False
Unknown,BETA-GLUCURONID-MONOMER[c],0.0,1,False
Unknown,EG11088-MONOMER[c],0.0,1,False
Unknown,G7188-MONOMER[c],0.0,1,False
Unknown,GUANYL-KIN-MONOMER[c],0.0,1,False
Unknown,FDNI-MONOMER[m],0.0,2,False
Unknown,MONOMER0-561[i],0.0,1,False
Unknown,G7545-MONOMER[i],0.0,1,False
Unknown,G7544-MONOMER[i],0.0,1,False
Unknown,CHAINF-MONOMER[c],0.0,1,False
Unknown,PRPPAMIDOTRANS-MONOMER[c],0.0,1,False
Unknown,NANK-MONOMER[c],0.0,1,False
Unknown,G7696-MONOMER[c],0.0,1,False
Unknown,FECE-MONOMER[i],0.0,1,False
Unknown,FECD-MONOMER[i],0.0,1,False
Unknown,FECC-MONOMER[i],0.0,1,False
Unknown,FECB-MONOMER[p],0.0,1,False
Unknown,ATPG-MONOMER[m],0.0,2,False
Unknown,EG10855-MONOMER[o],0.0,2,False
Unknown,EG10157-MONOMER[c],0.0,1,False
Unknown,TORT-MONOMER[p],0.0,1,False
Unknown,TORS-MONOMER[i],0.0,2,False
Unknown,EG11090-MONOMER[c],0.0,1,False
Unknown,EG11597-MONOMER[c],0.0,2,False
Unknown,EG10154-MONOMER[c],0.0,2,False
Unknown,AGAD-MONOMER[i],0.0,1,False
Unknown,AGAC-MONOMER[i],0.0,1,False
Unknown,AGAB-MONOMER[c],0.0,1,False
Unknown,GSAAMINOTRANS-MONOMER[c],0.0,1,False
Unknown,ATPH-MONOMER[m],0.0,2,False
Unknown,PSERTRANSAM-MONOMER[c],0.0,1,False
Unknown,ATPD-MONOMER[m],0.0,3,False
Unknown,ATPC-MONOMER[i],0.0,2,False
Unknown,ATPA-MONOMER[m],0.0,3,False
Unknown,EG11506-MONOMER[m],0.0,1,False
Unknown,EG10436-MONOMER[c],0.0,2,False
Unknown,EG10435-MONOMER[m],0.0,2,False
Unknown,N-ACETYLTRANSFER-MONOMER[c],0.0,1,False
Unknown,G6621-MONOMER[c],0.0,1,False
Unknown,THIH-MONOMER[c],0.0,1,False
Unknown,THIG-MONOMER[c],0.0,1,False
Unknown,RHAMNULPALDOL-MONOMER[c],0.0,1,False
Unknown,EG11180-MONOMER[m],0.0,1,False
Unknown,NARI-MONOMER[m],0.0,1,False
Unknown,NARH-MONOMER[m],0.0,1,False
Unknown,NARG-MONOMER[m],0.0,1,False
Unknown,EG11436-MONOMER[c],0.0,1,False
Unknown,DAPASYN-MONOMER[c],0.0,1,False
Unknown,G7409-MONOMER[c],0.0,1,False
Unknown,G7288-MONOMER[c],0.0,1,False
Unknown,YCJV-MONOMER[c],0.0,1,False
Unknown,YCJP-MONOMER[i],0.0,1,False
Unknown,YCJO-MONOMER[i],0.0,1,False
Unknown,YCJN-MONOMER[i],0.0,1,False
Unknown,PDXY-MONOMER[c],0.0,1,False
Unknown,QOR-MONOMER[c],0.0,1,False
Unknown,G7237-MONOMER[c],0.0,1,False
Unknown,EG11884-MONOMER[c],0.0,1,False
Unknown,GLYCEROL-KIN-MONOMER[c],0.0,1,False
Unknown,PHNL-MONOMER[i],0.0,2,False
Unknown,NAPB-MONOMER[p],0.0,1,False
Unknown,NAPA-MONOMER[p],0.0,1,False
Unknown,PPK-MONOMER[c],0.0,2,False
Unknown,ENOLASE-MONOMER[c],0.0,2,False
Unknown,EG10844-MONOMER[c],0.0,2,False
Unknown,EG10743-MONOMER[c],0.0,2,False
Unknown,EG11505-MONOMER[c],0.0,2,False
Unknown,EG11500-MONOMER[c],0.0,2,False
Unknown,G7874-MONOMER[i],0.0,1,False
Unknown,HYAA-MONOMER[i],0.0,2,False
Unknown,EG11057-MONOMER[c],0.0,1,False
Unknown,EG11056-MONOMER[m],0.0,1,False
Unknown,PTSG-MONOMER[i],0.0,2,False
Unknown,PD01896[c],0.0,1,False
Unknown,EG10484-MONOMER[c],0.0,2,False
Unknown,GTP-CYCLOHYDRO-I-MONOMER[c],0.0,1,False
Unknown,PROTEIN-NRII[c],0.0,1,False
Unknown,ICITDEHASE-KIN-PHOSPHA[c],0.0,1,False
Unknown,EG10600-MONOMER[c],0.0,1,False
Unknown,PDXJ-MONOMER[c],0.0,1,False
Unknown,G7875-MONOMER[i],0.0,1,False
Unknown,EG11412-MONOMER[c],0.0,2,False
Unknown,FABH-MONOMER[c],0.0,1,False
Unknown,NRDA-MONOMER[c],0.0,2,False
Unknown,EG11257-MONOMER[i],0.0,1,False
Unknown,PURK-MONOMER[c],0.0,1,False
Unknown,GLPF-MONOMER[i],0.0,1,False
Unknown,UDPGLUCEPIM-MONOMER[c],0.0,1,False
Unknown,EG11390-MONOMER[m],0.0,1,False
Unknown,CPLX0-7701[c],0.0,1,False
Unknown,EG11511-MONOMER[c],0.0,1,False
Unknown,YHIV-MONOMER[m],0.0,1,False
Unknown,EG12240-MONOMER[i],0.0,1,False
Unknown,CCMB-MONOMER[i],0.0,2,False
Unknown,PROTEIN-NRI[c],0.0,1,False
Unknown,G6721-MONOMER[c],0.0,1,False
Unknown,PD04413[i],0.0,1,False
Unknown,G7490-MONOMER[c],0.0,1,False
Unknown,CPLX0-7677[c],0.0,1,False
Unknown,ALPHAGALACTOSID-MONOMER[c],0.0,1,False
Unknown,TSR-MONOMER[i],0.0,1,False
Unknown,G6382-MONOMER[c],0.0,1,False
Unknown,G6381-MONOMER[c],0.0,1,False
Unknown,G6380-MONOMER[c],0.0,1,False
Unknown,EG12169-MONOMER[m],0.0,2,False
Unknown,CCMC-MONOMER[i],0.0,2,False
Unknown,CHAINI-MONOMER[c],0.0,1,False
Unknown,CCMA-MONOMER[i],0.0,2,False
Unknown,AROH-MONOMER[c],0.0,1,False
Unknown,G6306-MONOMER[c],0.0,1,False
Unknown,G7175-MONOMER[c],0.0,1,False
Unknown,EG11012-MONOMER[p],0.0,9,False
Unknown,EG10272-MONOMER[i],0.0,9,False
Unknown,EG10271-MONOMER[i],0.0,9,False
Unknown,EG10126-MONOMER[m],0.0,1,False
Unknown,LIVJ-MONOMER[p],0.0,1,False
Unknown,BETACOMP-MONOMER[c],0.0,1,False
Unknown,ALPHACOMP-MONOMER[c],0.0,2,False
Unknown,OPPF-MONOMER[i],0.0,2,False
Unknown,EG10245-MONOMER[c],0.0,3,False
Unknown,EG10243-MONOMER[c],0.0,2,False
Unknown,EG10242-MONOMER[c],0.0,3,False
Unknown,EG10238-MONOMER[c],0.0,2,False
Unknown,SECA[c],0.0,2,False
Unknown,G7452-MONOMER[c],0.0,1,False
Unknown,EG12177-MONOMER[c],0.0,1,False
Unknown,EG10004-MONOMER[c],0.0,1,False
Unknown,GLCNACPTRANS-MONOMER[o],0.0,1,False
Unknown,EG11385-MONOMER[c],0.0,1,False
Unknown,EG11384-MONOMER[c],0.0,1,False
Unknown,EG12202-MONOMER[c],0.0,1,False
Unknown,PD00197[c],0.0,1,False
Unknown,OPPD-MONOMER[i],0.0,2,False
Unknown,OPPC-MONOMER[i],0.0,2,False
Unknown,OPPB-MONOMER[i],0.0,2,False
Unknown,G6665-MONOMER[p],0.0,1,False
Unknown,EG10670-MONOMER[o],0.0,1,False
Unknown,EG10286-MONOMER[o],0.0,1,False
Unknown,EVGS-MONOMER[p],0.0,1,False
Unknown,YEHZ-MONOMER[i],0.0,1,False
Unknown,YEHY-MONOMER[i],0.0,1,False
Unknown,YEHX-MONOMER[i],0.0,1,False
Unknown,YEHW-MONOMER[i],0.0,1,False
Unknown,DTDPGLUCDEHYDRAT-MONOMER[c],0.0,1,False
Unknown,SFUA-MONOMER[p],0.0,1,False
Unknown,TU0-4822[c],0.0,1,False
Unknown,EG11447-MONOMER[c],0.0,4,False
Unknown,G7723-MONOMER[c],0.0,1,False
Unknown,YDCV-MONOMER[i],0.0,1,False
Unknown,YDCU-MONOMER[m],0.0,1,False
Unknown,YDCT-MONOMER[i],0.0,1,False
Unknown,YDCS-MONOMER[p],0.0,1,False
Unknown,EG10996-MONOMER[c],0.0,1,False
Unknown,MONOMER0-422[i],0.0,1,False
Unknown,EG12283-MONOMER[p],0.0,1,False
Unknown,EG12282-MONOMER[i],0.0,1,False
Unknown,SFUB-MONOMER[i],0.0,1,False
Unknown,HISTDEHYD-MONOMER[c],0.0,1,False
Unknown,EG11878-MONOMER[c],0.0,1,False
Unknown,ARSF-MONOMER[i],0.0,1,False
Unknown,G6731-MONOMER[c],0.0,1,False
Unknown,QUINOPRIBOTRANS-MONOMER[c],0.0,1,False
Unknown,ARAH-MONOMER[m],0.0,1,False
Unknown,PC00003[c],0.0,1,False
Unknown,ARAF-MONOMER[p],0.0,1,False
Unknown,GALPMUT-MONOMER[c],0.0,1,False
Unknown,EG10564-MONOMER[c],0.0,1,False
Unknown,COBU-MONOMER[c],0.0,1,False
Unknown,CTPSYN-MONOMER[c],0.0,1,False
Unknown,FABB-MONOMER[c],0.0,1,False
Unknown,PHET-MONOMER[c],0.0,1,False
Unknown,PHES-MONOMER[c],0.0,1,False
Unknown,ACONITASE-MONOMER[c],0.0,1,False
Unknown,MONOMER0-154[m],0.0,1,False
Unknown,MONOMER0-153[i],0.0,1,False
Unknown,MONOMER0-152[c],0.0,1,False
Unknown,MONOMER0-151[i],0.0,1,False
Unknown,MONOMER0-150[c],0.0,1,False
Unknown,MONOMER0-144[i],0.0,1,False
Unknown,MONOMER0-143[i],0.0,1,False
Unknown,MONOMER0-142[i],0.0,1,False
Unknown,MONOMER0-141[i],0.0,1,False
Unknown,4-AMINO-BUTYRATE[c],0.0,1,False
Unknown,EG11735-MONOMER[c],0.0,1,False
Unknown,EG10438-MONOMER[c],0.0,1,False
Unknown,TORR-MONOMER[c],0.0,1,False
Unknown,EG11100-MONOMER[c],0.0,1,False
Unknown,GLYCPDIESTER-PERI-MONOMER[p],0.0,1,False
Unknown,YBBP-MONOMER[i],0.0,1,False
Unknown,YBBA-MONOMER[i],0.0,1,False
Unknown,APPA-MONOMER[p],0.0,1,False
Unknown,EG10153-MONOMER[c],0.0,1,False
Unknown,G7194-MONOMER[c],0.0,1,False
Unknown,SFUC-MONOMER[m],0.0,1,False
Unknown,EG10156-MONOMER[c],0.0,3,False
Unknown,EG11086-MONOMER[i],0.0,1,False
Unknown,LACTALDREDUCT-MONOMER[c],0.0,1,False
Unknown,CYTOCHROMEC552-MONOMER[p],0.0,1,False
Unknown,CYTOCHROMEC-MONOMER[p],0.0,1,False
Unknown,PD04032[c],0.0,2,False
Unknown,ADENINE[c],0.0,1,False
Unknown,G7920-MONOMER[p],0.0,1,False
Unknown,SERINE-O-ACETTRAN-MONOMER[c],0.0,2,False
Unknown,EG11723-MONOMER[c],0.0,1,False
Unknown,MONOMER0-341[o],0.0,1,False
Unknown,PD04028[c],0.0,1,False
Unknown,NHAA-MONOMER[i],0.0,1,False
Unknown,ARABINOSE[c],0.0,1,False
Unknown,EG10859-MONOMER[m],0.0,3,False
Unknown,EG11009-MONOMER[m],0.0,9,False
Unknown,EG10266-MONOMER[m],0.0,1,False
Unknown,ACRF-MONOMER[m],0.0,1,False
Unknown,EG12633-MONOMER[c],0.0,1,False
Unknown,G7398-MONOMER[i],0.0,1,False
Unknown,EG12131-MONOMER[c],0.0,1,False
Unknown,EG12130-MONOMER[c],0.0,1,False
Unknown,EG11685-MONOMER[c],0.0,1,False
Unknown,LIVM-MONOMER[i],0.0,2,False
Unknown,LIVK-MONOMER[p],0.0,1,False
Unknown,EG11315-MONOMER[c],0.0,1,False
Unknown,GDPMANDEHYDRA-MONOMER[c],0.0,1,False
Unknown,EG11399-MONOMER[p],0.0,1,False
Unknown,EG12345-MONOMER[c],0.0,1,False
Unknown,EG10253-MONOMER[c],0.0,1,False
Unknown,EG10252-MONOMER[c],0.0,1,False
Unknown,ORNDECARBOXDEG-MONOMER[c],0.0,1,False
Unknown,F16B-MONOMER[c],0.0,1,False
Unknown,MONOMER0-2682[i],0.0,1,False
Unknown,G7171-MONOMER[i],0.0,1,False
Unknown,CITTRANS-MONOMER[c],0.0,1,False
Unknown,CARBODEHYDRAT-MONOMER[c],0.0,1,False
Unknown,EG10255-MONOMER[p],0.0,1,False
Unknown,EG11072-MONOMER[c],0.0,1,False
Unknown,AQPZ-MONOMER[i],0.0,1,False
Unknown,MONOMER0-146[c],0.0,1,False
Unknown,EG10463-MONOMER[i],0.0,1,False
Unknown,MONOMER0-4521[c],0.0,1,False
Unknown,LIVH-MONOMER[i],0.0,2,False
Unknown,EG10680-MONOMER[c],0.0,1,False
Unknown,PEPSYNTH-MONOMER[c],0.0,1,False
Unknown,TATA[c],0.0,1,False
Unknown,G7808-MONOMER[i],0.0,1,False
Unknown,EG11479-MONOMER[m],0.0,1,False
Unknown,EG11305-MONOMER[i],0.0,1,False
Unknown,GATC-MONOMER[i],0.0,1,False
Unknown,EG12235-MONOMER[c],0.0,1,False
Unknown,AROD-MONOMER[c],0.0,1,False
Unknown,ENVZ-MONOMER[c],0.0,1,False
Unknown,G7925-MONOMER[c],0.0,1,False
Unknown,EG10845-MONOMER[c],0.0,1,False
Unknown,RIBONUCLEOSIDE-TRIP-REDUCT-MONOMER[c],0.0,2,False
Unknown,G6154-MONOMER[c],0.0,1,False
Unknown,EG10466-MONOMER[c],0.0,2,False
Unknown,MONOMER0-1781[c],0.0,1,False
Unknown,PGLUCISOM[c],0.0,1,False
Unknown,EG10997-MONOMER[c],0.0,2,False
Unknown,ASPKINIII-MONOMER[c],0.0,1,False
Unknown,EG12855-MONOMER[c],0.0,1,False
Unknown,GATB-MONOMER[c],0.0,1,False
Unknown,GATA-MONOMER[c],0.0,1,False
Unknown,G7463-MONOMER[c],0.0,1,False
Unknown,OXYGEN-MOLECULE[p],0.0,1,False
Unknown,ARCB-CPLX[i],0.0,1,False
Unknown,GLYCDEH-MONOMER[c],0.0,1,False
Unknown,SIROHEMESYN-MONOMER[c],0.0,1,False
Unknown,DTDPGLUCOSEPP-MONOMER[c],0.0,1,False
Unknown,ADENYLYLSULFKIN-MONOMER[c],0.0,1,False
Unknown,GLUCONOKINII-MONOMER[c],0.0,1,False
Unknown,G6720-MONOMER[c],0.0,1,False
Unknown,GCVP-MONOMER[c],0.0,1,False
Unknown,EG11011-MONOMER[i],0.0,1,False
Unknown,EG11010-MONOMER[i],0.0,1,False
Unknown,EG11008-MONOMER[p],0.0,1,False
Unknown,EG11007-MONOMER[i],0.0,1,False
Unknown,EG10684-MONOMER[o],0.0,1,False
Unknown,G7716-MONOMER[p],0.0,1,False
Unknown,PHNE-MONOMER[i],0.0,1,False
Unknown,PHND-MONOMER[p],0.0,1,False
Unknown,PHNC-MONOMER[i],0.0,1,False
Unknown,CHEZ-MONOMER[c],0.0,1,False
Unknown,TU0-8518[c],0.0,1,False
Unknown,EG12146-MONOMER[c],0.0,2,False
Unknown,EG11666-MONOMER[c],0.0,1,False
Unknown,G6318-MONOMER[i],0.0,1,False
Unknown,SUGE-MONOMER[i],0.0,1,False
Unknown,SUCCARGDIHYDRO-MONOMER[c],0.0,1,False
Unknown,EG11126-MONOMER[c],0.0,1,False
Unknown,S-ADENMETSYN-MONOMER[c],0.0,1,False
Unknown,G6140-MONOMER[c],0.0,1,False
Unknown,YJCQ-MONOMER[i],0.0,1,False
Unknown,EG11954-MONOMER[p],0.0,1,False
Unknown,EG11952-MONOMER[m],0.0,1,False
Unknown,RNTRACTIV-MONOMER[c],0.0,2,False
Unknown,PROTEIN-PII2[c],0.0,1,False
Unknown,G6862-MONOMER[c],0.0,1,False
Unknown,EG11853-MONOMER[c],0.0,1,False
Unknown,G6198-MONOMER[c],0.0,1,False
Unknown,ASNSYNA-MONOMER[c],0.0,1,False
Unknown,UDPMANNACADEHYDROG-MONOMER[c],0.0,1,False
Unknown,EG11825-MONOMER[c],0.0,1,False
Unknown,DIAMINOPIMEPIM-MONOMER[c],0.0,1,False
Unknown,PD00521[c],0.0,1,False
Unknown,FUMA-MONOMER[c],0.0,1,False
Unknown,TRYPSYN-BPROTEIN[c],0.0,2,False
Unknown,TRYPSYN-APROTEIN[c],0.0,1,False
Unknown,CARBOXYL-TRANSFERASE-BETA-MONOMER[c],0.0,1,False
Unknown,CARBOXYL-TRANSFERASE-ALPHA-MONOMER[c],0.0,1,False
Unknown,G6109-MONOMER[c],0.0,1,False
Unknown,EG11063-MONOMER[c],0.0,1,False
Unknown,EG11062-MONOMER[c],0.0,1,False
Unknown,EG11061-MONOMER[c],0.0,1,False
Unknown,PHE[c],0.0,1,False
Unknown,PD00413[c],0.0,2,False
Unknown,MONOMER0-1261[c],0.0,1,False
Unknown,G6627-MONOMER[c],0.0,1,False
Unknown,EG12399-MONOMER[c],0.0,2,False
Unknown,CMTB-MONOMER[c],0.0,1,False
Unknown,CMTA-MONOMER[i],0.0,1,False
Unknown,EG11098-MONOMER[c],0.0,1,False
Unknown,DIHYDRODIPICSYN-MONOMER[c],0.0,1,False
Unknown,EG11859-MONOMER[c],0.0,1,False
Unknown,RIBULOKIN-MONOMER[c],0.0,1,False
Unknown,FUCPALDOL-MONOMER[c],0.0,1,False
Unknown,PTSI-MONOMER[c],0.0,1,False
Unknown,GLUTDECARBOXA-MONOMER[c],0.0,1,False
Unknown,ANGLYC3PDEHYDROGSUBUNITC-MONOMER[i],0.0,1,False
Unknown,ANGLYC3PDEHYDROGSUBUNITB-MONOMER[c],0.0,1,False
Unknown,ANGLYC3PDEHYDROGSUBUNITA-MONOMER[c],0.0,1,False
Unknown,KCH-MONOMER[i],0.0,1,False
Unknown,AMTB-MONOMER[m],0.0,1,False
Unknown,METHGLYSYN-MONOMER[c],0.0,1,False
Unknown,OROPRIBTRANS-MONOMER[c],0.0,1,False
Unknown,ALARACECAT-MONOMER[c],0.0,1,False
Unknown,HYCG-MONOMER[i],0.0,2,False
Unknown,HYCF-MONOMER[m],0.0,2,False
Unknown,HYCELARGE-MONOMER[c],0.0,2,False
Unknown,HYCD-MONOMER[i],0.0,2,False
Unknown,HYCC-MONOMER[i],0.0,2,False
Unknown,HYCBSMALL-MONOMER[c],0.0,2,False
Unknown,G6989-MONOMER[c],0.0,1,False
Unknown,G6988-MONOMER[c],0.0,2,False
Unknown,ATOS-MONOMER[i],0.0,1,False
Unknown,ASL-MONOMER[c],0.0,1,False
Unknown,G6110-MONOMER[c],0.0,1,False
Unknown,ASNS-MONOMER[c],0.0,1,False
Unknown,ATPF-MONOMER[i],0.0,3,False
Unknown,ATPE-MONOMER[i],0.0,3,False
Unknown,ATPB-MONOMER[i],0.0,2,False
Unknown,PNTB-MONOMER[i],0.0,1,False
Unknown,PNTA-MONOMER[i],0.0,1,False
Unknown,GLUCOSAMINE-6-P-DEAMIN-MONOMER[c],0.0,1,False
Unknown,DCTP-DEAM-MONOMER[c],0.0,1,False
Unknown,MDTA[m],0.0,1,False
Unknown,B2076-MONOMER[i],0.0,1,False
Unknown,B2075-MONOMER[i],0.0,1,False
Unknown,SUCCSEMIALDDEHYDROG-MONOMER[c],0.0,1,False
Unknown,G6326-MONOMER[c],0.0,1,False
Unknown,G6845-MONOMER[i],0.0,1,False
Unknown,EG11378-MONOMER[c],0.0,1,False
Unknown,ASN[c],0.0,1,False
Unknown,CPLX0-7733[c],0.0,1,False
Unknown,MHPCHYDROL-MONOMER[c],0.0,1,False
Unknown,LDC2-MONOMER[c],0.0,1,False
Unknown,G7248-MONOMER[c],0.0,1,False
Unknown,YTFT-MONOMER[i],0.0,1,False
Unknown,YTFR-MONOMER[i],0.0,1,False
Unknown,YTFQ-MONOMER[p],0.0,1,False
Unknown,YJFF-MONOMER[i],0.0,1,False
Unknown,EG11692-MONOMER[c],0.0,1,False
Unknown,RPOC-MONOMER[c],0.0,1,False
Unknown,EG10836-MONOMER[c],0.0,2,False
Unknown,POTD-MONOMER[p],0.0,1,False
Unknown,POTC-MONOMER[i],0.0,1,False
Unknown,POTB-MONOMER[i],0.0,1,False
Unknown,POTA-MONOMER[i],0.0,1,False
Unknown,G6708-MONOMER[c],0.0,1,False
Unknown,BETAGALACTOSID-MONOMER[c],0.0,1,False
Unknown,EG12600-MONOMER[c],0.0,1,False
Unknown,G7039-MONOMER[p],0.0,1,False
Unknown,G7037-MONOMER[i],0.0,1,False
Unknown,EG12347-MONOMER[i],0.0,1,False
Unknown,ENOYL-ACP-REDUCT-NADH-MONOMER[c],0.0,1,False
Unknown,EG11131-MONOMER[c],0.0,1,False
Unknown,RPOB-MONOMER[c],0.0,1,False
Unknown,EG11111-MONOMER[c],0.0,1,False
Unknown,G6088-MONOMER[c],0.0,1,False
Unknown,YRAO-MONOMER[c],0.0,1,False
Unknown,PKI-MONOMER[c],0.0,1,False
Unknown,EG11548-MONOMER[i],0.0,1,False
Unknown,L-GLN-FRUCT-6-P-AMINOTRANS-MONOMER[c],0.0,1,False
Unknown,EG10605-MONOMER[i],0.0,1,False
Unknown,G6662-MONOMER[c],0.0,1,False
Unknown,G6848-MONOMER[i],0.0,1,False
Unknown,G6847-MONOMER[c],0.0,1,False
Unknown,G6846-MONOMER[i],0.0,1,False
Unknown,SBP-MONOMER[p],0.0,1,False
Unknown,EG12657-MONOMER[c],0.0,1,False
Unknown,DIHYDROPTERIREDUCT-MONOMER[c],0.0,1,False
Unknown,G6991-MONOMER[c],0.0,2,False
Unknown,EG11171-MONOMER[c],0.0,2,False
Unknown,EG10315-MONOMER[l],0.0,1,False
Unknown,EG10314-MONOMER[l],0.0,1,False
Unknown,EG10313-MONOMER[l],0.0,1,False
Unknown,EG10308-MONOMER[e],0.0,1,False
Unknown,PYRUVOXID-MONOMER[c],0.0,1,False
Unknown,CELC-MONOMER[c],0.0,1,False
Unknown,CELB-MONOMER[i],0.0,1,False
Unknown,CELA-MONOMER[c],0.0,1,False
Unknown,EG10776-MONOMER[c],0.0,1,False
Unknown,CYSW-MONOMER[i],0.0,2,False
Unknown,CYST-MONOMER[i],0.0,2,False
Unknown,CYSA-MONOMER[i],0.0,2,False
Unknown,6PFK-2-MONOMER[c],0.0,1,False
Unknown,EG11081-MONOMER[c],0.0,1,False
Unknown,ENTE-MONOMER[c],0.0,1,False
Unknown,HYAB-MONOMER[i],0.0,2,False
Unknown,ZNUC-MONOMER[i],0.0,1,False
Unknown,ZNUB-MONOMER[i],0.0,1,False
Unknown,ZNUA-MONOMER[p],0.0,1,False
Unknown,G7572-MONOMER[c],0.0,1,False
Unknown,G7571-MONOMER[c],0.0,1,False
Unknown,E3-MONOMER[c],0.0,3,False
Unknown,EG10893-MONOMER[c],0.0,1,False
Unknown,EG11105-MONOMER[c],0.0,1,False
Unknown,G7425-MONOMER[c],0.0,2,False
Unknown,G7327-MONOMER[c],0.0,1,False
Unknown,YIDC[m],0.0,1,False
Unknown,SECF[i],0.0,2,False
Unknown,SECD[i],0.0,2,False
Unknown,EG11096-MONOMER[i],0.0,2,False
Unknown,G7845-MONOMER[c],0.0,1,False
Unknown,EG10828-MONOMER[c],0.0,1,False
Unknown,G7021-MONOMER[c],0.0,1,False
Unknown,EG11702-MONOMER[c],0.0,1,False
Unknown,ORNDECARBOX-BIO-MONOMER[c],0.0,1,False
Unknown,E2O-MONOMER[c],0.0,2,False
Unknown,E1O-MONOMER[c],0.0,2,False
Unknown,METHYLENETHFREDUCT-MONOMER[c],0.0,1,False
Unknown,G6912-MONOMER[c],0.0,1,False
Unknown,NARX-MONOMER[i],0.0,3,False
Unknown,MONOMER0-1981[c],0.0,1,False
Unknown,TRPS-MONOMER[c],0.0,1,False
Unknown,SORB6PDEHYDROG-MONOMER[c],0.0,1,False
Unknown,EG12371-MONOMER[i],0.0,1,False
Unknown,EG10778-MONOMER[i],0.0,1,False
Unknown,EG10777-MONOMER[i],0.0,1,False
Unknown,EG11252-MONOMER[c],0.0,2,False
Unknown,G6670-MONOMER[c],0.0,1,False
Unknown,G6669-MONOMER[c],0.0,1,False
Unknown,CYOD-MONOMER[i],0.0,1,False
Unknown,CYOC-MONOMER[i],0.0,1,False
Unknown,CYOB-MONOMER[i],0.0,1,False
Unknown,CYOA-MONOMER[i],0.0,1,False
Unknown,EG12167-MONOMER[c],0.0,1,False
Unknown,EG11877-MONOMER[c],0.0,1,False
Unknown,G6379-MONOMER[c],0.0,1,False
Unknown,ERYTHRON4PDEHYDROG-MONOMER[c],0.0,1,False
Unknown,EG11294-MONOMER[c],0.0,1,False
Unknown,EG12165-MONOMER[c],0.0,3,False
Unknown,NAPHTHOATE-SYN-MONOMER[c],0.0,1,False
Unknown,G7107-MONOMER[o],0.0,1,False
Unknown,G7105-MONOMER[i],0.0,1,False
Unknown,G7236-MONOMER[c],0.0,1,False
Unknown,FCL-MONOMER[c],0.0,1,False
Unknown,PROP-MONOMER[i],0.0,1,False
Unknown,EG10355-MONOMER[c],0.0,1,False
Unknown,MANZ-MONOMER[m],0.0,1,False
Unknown,MANY-MONOMER[m],0.0,1,False
Unknown,MANX-MONOMER[c],0.0,2,False
Unknown,G7653-MONOMER[c],0.0,1,False
Unknown,G7652-MONOMER[c],0.0,1,False
Unknown,SUPEROX-DISMUTMN-MONOMER[c],0.0,1,False
Unknown,PD00423[c],0.0,1,False
Unknown,EG10599-MONOMER[c],0.0,1,False
Unknown,PANTOATE-BETA-ALANINE-LIG-MONOMER[c],0.0,1,False
Unknown,EG12878-MONOMER[c],0.0,1,False
Unknown,G7686-MONOMER[m],0.0,1,False
Unknown,G7685-MONOMER[i],0.0,1,False
Unknown,THRS-MONOMER[c],0.0,1,False
Unknown,EG12256-MONOMER[i],0.0,1,False
Unknown,DIOHBUTANONEPSYN-MONOMER[c],0.0,1,False
Unknown,GLYOHMETRANS-MONOMER[c],0.0,1,False
Unknown,PROTOPORGENOXI-MONOMER[i],0.0,1,False
Unknown,EG12690-MONOMER[c],0.0,1,False
Unknown,EG12656-MONOMER[c],0.0,1,False
Unknown,B1600-MONOMER[i],0.0,1,False
Unknown,MODC-MONOMER[i],0.0,1,False
Unknown,MODB-MONOMER[i],0.0,1,False
Unknown,MODA-MONOMER[p],0.0,1,False
Unknown,LYSU-MONOMER[c],0.0,1,False
Unknown,XYLISOM-MONOMER[c],0.0,1,False
Unknown,EG12159-MONOMER[c],0.0,1,False
Unknown,EG11306-MONOMER[c],0.0,1,False
Unknown,CYTIDEAM-MONOMER[c],0.0,1,False
Unknown,G6323-MONOMER[i],0.0,1,False
Unknown,PD00205[c],0.0,1,False
Unknown,KDGALDOL-MONOMER[c],0.0,1,False
Unknown,G7487-MONOMER[c],0.0,1,False
Unknown,EG10459-MONOMER[c],0.0,1,False
Unknown,EG10458-MONOMER[c],0.0,1,False
Unknown,EG10395-MONOMER[c],0.0,1,False
Unknown,MENF-MONOMER[c],0.0,1,False
Unknown,HMP-KIN-MONOMER[c],0.0,1,False
Unknown,ASPCARBREG-MONOMER[c],0.0,2,False
Unknown,EG10857-MONOMER[c],0.0,1,False
Unknown,TRANSKETOI-MONOMER[c],0.0,1,False
Unknown,CHORISMUTPREPHENDEHYDRAT-MONOMER[c],0.0,1,False
Unknown,PPPGPPHYDRO-MONOMER[c],0.0,1,False
Unknown,AROF-MONOMER[c],0.0,1,False
Unknown,G7262-MONOMER[c],0.0,1,False
Unknown,EG10460-MONOMER[c],0.0,1,False
Unknown,G7486-MONOMER[c],0.0,1,False
Unknown,G7485-MONOMER[c],0.0,1,False
Unknown,PD00232[c],0.0,1,False
Unknown,GST-MONOMER[c],0.0,1,False
Unknown,EG11396-MONOMER[c],0.0,1,False
Unknown,EG10240-MONOMER[c],0.0,1,False
Unknown,EG10817-MONOMER[c],0.0,1,False
Unknown,EG10116-MONOMER[c],0.0,1,False
Unknown,G7145-MONOMER[c],0.0,1,False
Unknown,EG11289-MONOMER[c],0.0,1,False
Unknown,G6212-MONOMER[c],0.0,1,False
Unknown,G6577-MONOMER[c],0.0,1,False
Unknown,EG10924-MONOMER[c],0.0,1,False
Unknown,B1599-MONOMER[i],0.0,1,False
Unknown,SUPEROX-DISMUTFE-MONOMER[c],0.0,1,False
Unknown,G6104-MONOMER[p],0.0,1,False
Unknown,GSK-MONOMER[c],0.0,1,False
Unknown,G6799-MONOMER[c],0.0,1,False
Unknown,G6487-MONOMER[p],0.0,1,False
Unknown,EG12279-MONOMER[c],0.0,1,False
Unknown,GLYCEROL-3P[c],0.0,1,False
Unknown,PD03576[c],0.0,1,False
Unknown,ATPPHOSRIBOSTRANS-MONOMER[c],0.0,1,False
Unknown,KETOLREDUCTOISOM-MONOMER[c],0.0,1,False
Unknown,EG10925-MONOMER[c],0.0,1,False
Unknown,GSP-MONOMER[c],0.0,1,False
Unknown,EG10923-MONOMER[c],0.0,1,False
Unknown,DETHIOBIOTIN-SYN-MONOMER[c],0.0,1,False
Unknown,G6157-MONOMER[p],0.0,1,False
Unknown,G6156-MONOMER[p],0.0,1,False
Unknown,G6155-MONOMER[i],0.0,1,False
Unknown,EG11134-MONOMER[c],0.0,1,False
Unknown,BASS-MONOMER[i],0.0,3,False
Unknown,TU0-4761[c],0.0,1,False
Unknown,G7682-MONOMER[p],0.0,1,False
Unknown,DLACTDEHYDROGNAD-MONOMER[c],0.0,1,False
Unknown,PD00364[c],0.0,1,False
Unknown,GLUTSEMIALDEHYDROG-MONOMER[c],0.0,1,False
Unknown,G7287-MONOMER[c],0.0,1,False
Unknown,EG11845-MONOMER[c],0.0,1,False
Unknown,CHORISMUTPREPHENDEHYDROG-MONOMER[c],0.0,1,False
Unknown,ISOCIT-LYASE-MONOMER[c],0.0,1,False
Unknown,DHPDIOXYGEN-MONOMER[i],0.0,1,False
Unknown,EG10461-MONOMER[c],0.0,1,False
Unknown,PHOR-MONOMER[c],0.0,1,False
Unknown,XYLULOKIN-MONOMER[c],0.0,1,False
Unknown,G7714-MONOMER[c],0.0,1,False
Unknown,G7713-MONOMER[c],0.0,1,False
Unknown,G7712-MONOMER[c],0.0,1,False
Unknown,DCYSDESULF-MONOMER[c],0.0,1,False
Unknown,GLYCOPHOSPHORYL-MONOMER[c],0.0,1,False
Unknown,YJFU-MONOMER[i],0.0,1,False
Unknown,YJFT-MONOMER[c],0.0,1,False
Unknown,SGAT-MONOMER[m],0.0,1,False
Unknown,G7842-MONOMER[c],0.0,1,False
Unknown,EG12181-MONOMER[c],0.0,3,False
Unknown,EG10125-MONOMER[c],0.0,1,False
Unknown,RIB5PISOMB-MONOMER[c],0.0,1,False
Unknown,EG11234-MONOMER[c],0.0,1,False
Unknown,EG12179-MONOMER[c],0.0,1,False
Unknown,EG11415-MONOMER[m],0.0,1,False
Unknown,GLUTAMINESYN-MONOMER[c],0.0,1,False
Unknown,G6289-MONOMER[c],0.0,1,False
Unknown,AERGLYC3PDEHYDROG-MONOMER[i],0.0,1,False
Unknown,POTI-MONOMER[i],0.0,1,False
Unknown,POTH-MONOMER[i],0.0,1,False
Unknown,POTG-MONOMER[i],0.0,1,False
Unknown,POTF-MONOMER[p],0.0,1,False
Unknown,3-CH3-2-OXOBUTANOATE-OH-CH3-XFER-MONOMER[c],0.0,1,False
Unknown,EG10968-MONOMER[m],0.0,1,False
Unknown,SDH-MEMB1[i],0.0,2,False
Unknown,SDH-FLAVO[i],0.0,2,False
Unknown,SDH-FE-S[i],0.0,2,False
Unknown,FRUB-MONOMER[i],0.0,1,False
Unknown,FRUA-MONOMER[i],0.0,1,False
Unknown,ARCB-MONOMER[i],0.0,2,False
Unknown,G6288-MONOMER[c],0.0,1,False
Unknown,TAUC-MONOMER[i],0.0,1,False
Unknown,TAUB-MONOMER[i],0.0,1,False
Unknown,TAUA-MONOMER[p],0.0,1,False
Unknown,GPT-MONOMER[c],0.0,1,False
Unknown,G6606-MONOMER[c],0.0,1,False
Unknown,RHAMNISOM-MONOMER[c],0.0,1,False
Unknown,FUCISOM-MONOMER[c],0.0,1,False
Unknown,BRANCHED-CHAINAMINOTRANSFER-MONOMER[c],0.0,1,False
Unknown,ASPCARBCAT-MONOMER[c],0.0,2,False
Unknown,ADHE-MONOMER[c],0.0,1,False
Unknown,PHOSPHASERSYN-MONOMER[c],0.0,1,False
Unknown,CFA-MONOMER[c],0.0,1,False
Unknown,EG10852-MONOMER[c],0.0,1,False
Unknown,PD00221[c],0.0,1,False
Unknown,NRDE-MONOMER[c],0.0,2,False
Unknown,TRANSKETOII-MONOMER[c],0.0,1,False
Unknown,PD00242[c],0.0,1,False
Unknown,EG12096-MONOMER[c],0.0,1,False
Unknown,EG11250-MONOMER[c],0.0,1,False
Unknown,DSBC-MONOMER[p],0.0,1,False
Unknown,EG10941-MONOMER[c],0.0,1,False
Unknown,GALACTITOLPDEHYD-MONOMER[c],0.0,1,False
Unknown,PHOQ-MONOMER[i],0.0,2,False
Unknown,ADHP-MONOMER[c],0.0,1,False
Unknown,G6209-MONOMER[c],0.0,1,False
Unknown,EG10306-MONOMER[o],0.0,1,False
Unknown,NRFD-MONOMER[i],0.0,1,False
Unknown,NRFC-MONOMER[c],0.0,1,False
Unknown,IMIDPHOSPHADEHYDHISTIDPHOSPHA-MONOMER[c],0.0,1,False
Unknown,EG12396-MONOMER[i],0.0,1,False
Unknown,MONOMER0-2817[o],0.0,1,False
Unknown,APPC-MONOMER[i],0.0,1,False
Unknown,APPB-MONOMER[i],0.0,1,False
Unknown,G6895-MONOMER[c],0.0,1,False
Unknown,XANTHOSINEPHOSPHORY-MONOMER[c],0.0,1,False
Unknown,ACSERLYA-MONOMER[c],0.0,2,False
Unknown,HYAC-MONOMER[i],0.0,2,False
Unknown,G7426-MONOMER[c],0.0,1,False
Unknown,G6287-MONOMER[c],0.0,1,False
Unknown,TREB-MONOMER[i],0.0,1,False
Unknown,CRR-MONOMER[c],0.0,3,False
Unknown,PHNK-MONOMER[c],0.0,2,False
Unknown,EG10719-MONOMER[c],0.0,3,False
Unknown,EG10718-MONOMER[c],0.0,3,False
Unknown,EG10717-MONOMER[c],0.0,3,False
Unknown,EG10716-MONOMER[c],0.0,3,False
Unknown,G7430-MONOMER[c],0.0,1,False
Unknown,G7429-MONOMER[c],0.0,1,False
Unknown,G7428-MONOMER[c],0.0,1,False
Unknown,G7427-MONOMER[c],0.0,1,False
Unknown,SDH-MEMB2[i],0.0,2,False
Unknown,EG11241-MONOMER[c],0.0,1,False
Unknown,G7590-MONOMER[c],0.0,1,False
Unknown,EG12319-MONOMER[c],0.0,1,False
Unknown,G7602-MONOMER[c],0.0,1,False
Unknown,G7601-MONOMER[c],0.0,2,False
Unknown,MONOMER0-1564[p],0.0,1,False
Unknown,EG11929-MONOMER[c],0.0,1,False
Unknown,EG10293-MONOMER[o],0.0,1,False
Unknown,EG10942-MONOMER[c],0.0,1,False
Unknown,EG10748-MONOMER[p],0.0,1,False
Unknown,MALIC-NAD-MONOMER[c],0.0,1,False
Unknown,HISM-MONOMER[i],0.0,2,False
Unknown,NUOG-MONOMER[m],0.0,2,False
Unknown,NUOF-MONOMER[m],0.0,2,False
Unknown,NUOE-MONOMER[m],0.0,2,False
Unknown,NUOC-MONOMER[m],0.0,2,False
Unknown,NUOB-MONOMER[m],0.0,2,False
Unknown,NAPH-MONOMER[m],0.0,1,False
Unknown,NAPG-MONOMER[i],0.0,1,False
Unknown,SMALLILVN-MONOMER[c],0.0,1,False
Unknown,LARGEILVB-MONOMER[c],0.0,1,False
Unknown,METG-MONOMER[c],0.0,1,False
Unknown,HISQ-MONOMER[i],0.0,2,False
Unknown,HISP-MONOMER[i],0.0,2,False
Unknown,NUOI-MONOMER[m],0.0,2,False
Unknown,HISJ-MONOMER[p],0.0,1,False
Unknown,EG10973-MONOMER[c],0.0,1,False
Unknown,G7352-MONOMER[m],0.0,1,False
Unknown,G7320-MONOMER[m],0.0,1,False
Unknown,G6093-MONOMER[m],0.0,1,False
Unknown,EG11236-MONOMER[i],0.0,1,False
Unknown,EG10658-MONOMER[m],0.0,1,False
Unknown,G7431-MONOMER[c],0.0,1,False
Unknown,EG11157-MONOMER[c],0.0,1,False
Unknown,SUCCCOASYN-BETA[c],0.0,1,False
Unknown,SUCCCOASYN-ALPHA[c],0.0,1,False
Unknown,CREC-MONOMER[i],0.0,1,False
Unknown,G7413-MONOMER[c],0.0,1,False
Unknown,EG11847-MONOMER[c],0.0,1,False
Unknown,EG10302-MONOMER[o],0.0,1,False
Unknown,EG11071-MONOMER[c],0.0,1,False
Unknown,EG11069-MONOMER[c],0.0,1,False
Unknown,GLYS-MONOMER[c],0.0,1,False
Unknown,GLYQ-MONOMER[c],0.0,1,False
Unknown,TDK-MONOMER[c],0.0,1,False
Unknown,UDPNACETYLGLUCOSAMACYLTRANS-MONOMER[c],0.0,1,False
Unknown,GALACTURIDYLYLTRANS-MONOMER[c],0.0,1,False
Unknown,SECB[c],0.0,1,False
Unknown,EG10952-MONOMER[m],0.0,1,False
Unknown,G7292-MONOMER[c],0.0,1,False
Unknown,EG10838-MONOMER[c],0.0,1,False
Unknown,GALACTOACETYLTRAN-MONOMER[c],0.0,1,False
Unknown,G7185-MONOMER[c],0.0,1,False
Unknown,TORA-MONOMER[p],0.0,1,False
Unknown,EG11815-MONOMER[p],0.0,1,False
Unknown,MALTACETYLTRAN-MONOMER[c],0.0,1,False
Unknown,PROX-MONOMER[m],0.0,1,False
Unknown,PROW-MONOMER[m],0.0,1,False
Unknown,PROV-MONOMER[m],0.0,1,False
Unknown,UDP-NACMUR-ALA-LIG-MONOMER[c],0.0,1,False
Unknown,SECE[m],0.0,3,False
Unknown,CYSTATHIONINE-BETA-LYASE-MONOMER[c],0.0,1,False
Unknown,GLUSYNSMALL-MONOMER[c],0.0,2,False
Unknown,GLUSYNLARGE-MONOMER[c],0.0,2,False
Unknown,DPPA-MONOMER[p],0.0,1,False
Unknown,SUCCORNTRANSAM-MONOMER[c],0.0,1,False
Unknown,EG12332-MONOMER[c],0.0,1,False
Unknown,G7564-MONOMER[c],0.0,1,False
Unknown,DPPB-MONOMER[i],0.0,1,False
Unknown,DPPC-MONOMER[i],0.0,1,False
Unknown,DPPD-MONOMER[i],0.0,1,False
Unknown,DPPF-MONOMER[i],0.0,1,False
Unknown,PDXH-MONOMER[c],0.0,1,False
Unknown,G6812-MONOMER[c],0.0,3,False
Unknown,SECY[m],0.0,3,False
Unknown,SECG[m],0.0,3,False
Unknown,KEFC-MONOMER[i],0.0,1,False
Unknown,DXS-MONOMER[c],0.0,1,False
Unknown,G7858-MONOMER[c],0.0,1,False
Unknown,G7031-MONOMER[c],0.0,1,False
Unknown,G6652-MONOMER[c],0.0,1,False
Unknown,EG10686-MONOMER[c],0.0,1,False
Unknown,EG10687-MONOMER[c],0.0,1,False
Unknown,EG10978-MONOMER[c],0.0,1,False
Unknown,G6286-MONOMER[c],0.0,1,False
Unknown,G7724-MONOMER[c],0.0,1,False
Unknown,EG12845-MONOMER[c],0.0,2,False
Unknown,GLT[c],0.0,1,False
Unknown,EG11372-MONOMER[c],0.0,1,False
Unknown,CPXA-MONOMER[i],0.0,1,False
Unknown,G7855-MONOMER[c],0.16666666666666666,1,True
Unknown,EG10671-MONOMER[o],0.3333333333333333,1,True
Unknown,GAPDH-A-MONOMER[c],0.75,1,True
Unknown,BASR-MONOMER[c],1.0,1,True
Unknown,PD03585[c],2.0,1,True
Unknown,GLUCONATE[c],2.0,1,True
Unknown,G7133-MONOMER[c],3.0,1,True
Unknown,PYRUVATE[c],3.0,3,True
Unknown,ADP-D-GLUCOSE[c],3.0,1,True
Unknown,PD04099[c],3.0,1,True
Unknown,CPLX0-8168[i],5.0,1,True
Unknown,CA+2[p],5.0,1,True
Unknown,G7071-MONOMER[c],7.0,1,True
Unknown,APS[c],7.0,1,True
Unknown,S-ADENOSYLMETHIONINE[c],9.0,2,True
Unknown,CPLX0-7796APO[c],9.0,2,True
Unknown,PHOB-MONOMER[c],10.0,1,True
Unknown,PD01520[c],12.0,1,True
Unknown,ACETOACETYL-COA[c],12.0,1,True
Unknown,TRP[c],20.0,1,True
Unknown,PC00007[c],20.0,1,True
Unknown,DCUR-MONOMER[c],22.0,1,True
Unknown,LYS[c],30.0,1,True
Unknown,CPLX0-7669[c],30.0,1,True
Unknown,BAES-MONOMER[i],48.0,3,True
Unknown,BAER-MONOMER[c],59.0,1,True
Unknown,PC00005[c],85.0,1,True
Unknown,ARG[c],85.0,1,True
Unknown,NARL-MONOMER[c],107.0,1,True
Unknown,PHOP-MONOMER[c],140.0,1,True
Unknown,LEU[c],234.0,1,True
Unknown,PD00353[c],234.0,1,True
Unknown,HYPOXANTHINE[c],283.0,1,True
Unknown,PC00033[c],283.0,1,True
Unknown,CAMP[c],1110.0,1,True
Unknown,PC00004[c],1110.0,1,True
Unknown,ARCA-MONOMER[c],2057.0,1,True
Unknown,Pi[c],287183.0,17,True
