id	symbol	synonyms	left_end_pos	right_end_pos	direction	rna_ids	is_metabolic	is_single_gene_operon	operon_size	tu_id	other_genes_in_operon
EG10003	cysZ	"[""cysZ"", ""b2413"", ""ECK2408""]"	2531463.0	2532224.0	+	"[""EG10003_RNA""]"	True	True	1.0	TU0-13622[c]	
EG10013	mepM	"[""mepM"", ""yebA"", ""b1856"", ""ECK1857""]"	1940313.0	1941635.0	-	"[""EG10013_RNA""]"	True	True	1.0	TU0-14369[c]	
EG10028	pflA	"[""pflA"", ""act"", ""b0902"", ""ECK0893""]"	950340.0	951080.0	-	"[""EG10028_RNA""]"	True	True	1.0	TU0-13083[c]	
EG10030	add	"[""add"", ""b1623"", ""ECK1618""]"	1702233.0	1703234.0	+	"[""EG10030_RNA""]"	True	True	1.0	TU0-13350[c]	
EG10032	adk	"[""adk"", ""dnaW"", ""plsA"", ""b0474"", ""ECK0468""]"	497175.0	497819.0	+	"[""EG10032_RNA""]"	True	True	1.0	TU0-6481[c]	
EG10043	cysQ	"[""cysQ"", ""amt"", ""amtA"", ""b4214"", ""ECK4210""]"	4436755.0	4437495.0	+	"[""EG10043_RNA""]"	True	True	1.0	TU0-14162[c]	
EG10071	argS	"[""argS"", ""lov"", ""lov-1"", ""b1876"", ""ECK1877""]"	1960062.0	1961795.0	+	"[""EG10071_RNA""]"	True	True	1.0	TU0-13444[c]	
EG10084	aroP	"[""aroP"", ""aroR"", ""b0112"", ""ECK0111""]"	120178.0	121551.0	-	"[""EG10084_RNA""]"	True	True	1.0	TU00012[c]	
EG10085	ascB	"[""ascB"", ""sac"", ""b2716"", ""ECK2711""]"	2840990.0	2842414.0	+	"[""EG10085_RNA""]"	True	True	1.0	TU0-42599[c]	
EG10107	avtA	"[""avtA"", ""b3572"", ""ECK3561""]"	3739705.0	3740958.0	+	"[""EG10107_RNA""]"	True	True	1.0	TU0-13984[c]	
EG10108	bcp	"[""bcp"", ""b2480"", ""ECK2476""]"	2600478.0	2600948.0	+	"[""EG10108_RNA""]"	True	True	1.0	TU0-6483[c]	
EG10112	betT	"[""betT"", ""b0314"", ""ECK0312""]"	329463.0	331496.0	+	"[""EG10112_RNA""]"	True	True	1.0	TU00116[c]	
EG10122	bioH	"[""bioH"", ""bioB"", ""b3412"", ""ECK3399""]"	3544074.0	3544844.0	-	"[""EG10122_RNA""]"	True	True	1.0	TU0-8772[c]	
EG10124	bisC	"[""bisC"", ""b3551"", ""ECK3538""]"	3714061.0	3716394.0	-	"[""EG10124_RNA""]"	True	True	1.0	TU0-8773[c]	
EG10129	btuE	"[""btuE"", ""b1710"", ""ECK1708""]"	1793558.0	1794109.0	-	"[""EG10129_RNA""]"	True	True	1.0	TU0-44213[c]	
EG10138	cdh	"[""cdh"", ""b3918"", ""ECK3910""]"	4109930.0	4110685.0	+	"[""EG10138_RNA""]"	True	True	1.0	TU0-6485[c]	
EG10160	cpdB	"[""cpdB"", ""b4213"", ""ECK4209""]"	4434622.0	4436565.0	-	"[""EG10160_RNA""]"	True	True	1.0	TU00120[c]	
EG10167	cstA	"[""cstA"", ""ybdC"", ""b0598"", ""ECK0591""]"	629894.0	631999.0	+	"[""EG10167_RNA""]"	True	True	1.0	TU0-6821[c]	
EG10170	cyaA	"[""cyaA"", ""cya"", ""b3806"", ""ECK3800""]"	3991153.0	3993699.0	+	"[""EG10170_RNA""]"	True	True	1.0	TU0-14402[c]	
EG10172	cybB	"[""cybB"", ""b1418"", ""ECK1410""]"	1490902.0	1491432.0	+	"[""EG10172_RNA""]"	True	True	1.0	TU0-13253[c]	
EG10196	cysS	"[""cysS"", ""syc"", ""b0526"", ""ECK0519""]"	554611.0	555996.0	+	"[""EG10196_RNA""]"	True	True	1.0	TU0-8477[c]	
EG10212	dcp	"[""dcp"", ""b1538"", ""ECK1531""]"	1625335.0	1627380.0	-	"[""EG10212_RNA""]"	True	True	1.0	TU0-8783[c]	
EG10213	ddlA	"[""ddlA"", ""b0381"", ""ECK0376""]"	399829.0	400923.0	-	"[""EG10213_RNA""]"	True	True	1.0	TU0-8784[c]	
EG10231	dld	"[""dld"", ""ldh"", ""b2133"", ""ECK2126""]"	2222185.0	2223900.0	+	"[""EG10231_RNA""]"	True	True	1.0	TU0-8787[c]	
EG10246	mltD	"[""mltD"", ""yafG"", ""dniR"", ""b0211"", ""ECK0211""]"	232597.0	233955.0	-	"[""EG10246_RNA""]"	True	True	1.0	TU0-12841[c]	
EG10265	lpxC	"[""lpxC"", ""asmB"", ""envA"", ""b0096"", ""ECK0097""]"	106557.0	107474.0	+	"[""EG10265_RNA""]"	True	True	1.0	TU0-12809[c]	
EG10280	fadL	"[""fadL"", ""ttr"", ""b2344"", ""ECK2338""]"	2461306.0	2462646.0	+	"[""EG10280_RNA""]"	True	True	1.0	TU00080[c]	
EG10285	fdhF	"[""fdhF"", ""chlF"", ""b4079"", ""ECK4072""]"	4297219.0	4299366.0	-	"[""EG10285_RNA""]"	True	True	1.0	TU00152[c]	
EG10326	folA	"[""folA"", ""tmr"", ""tmrA"", ""b0048"", ""ECK0049""]"	49823.0	50302.0	+	"[""EG10326_RNA""]"	True	True	1.0	TU0-6401[c]	
EG10334	fre	"[""fre"", ""fadI"", ""flrD"", ""fsrC"", ""b3844"", ""ECK3836""]"	4026527.0	4027228.0	+	"[""EG10334_RNA""]"	True	True	1.0	TU0-14055[c]	
EG10341	ftsI	"[""ftsI"", ""pbpB"", ""sep"", ""b0084"", ""ECK0085""]"	91413.0	93179.0	+	"[""EG10341_RNA""]"	True	True	1.0	EG10341_RNA[c]	
EG10369	gcd	"[""gcd"", ""b0124"", ""ECK0123""]"	138835.0	141225.0	-	"[""EG10369_RNA""]"	True	True	1.0	TU0-2042[c]	
EG10370	ispG	"[""ispG"", ""gcpE"", ""b2515"", ""ECK2511""]"	2640686.0	2641804.0	-	"[""EG10370_RNA""]"	True	True	1.0	EG10370_RNA[c]	
EG10390	glnS	"[""glnS"", ""b0680"", ""ECK0668""]"	706093.0	707757.0	+	"[""EG10390_RNA""]"	True	True	1.0	TU0-14467[c]	
EG10405	gltP	"[""gltP"", ""b4077"", ""ECK4070""]"	4294481.0	4295794.0	+	"[""EG10405_RNA""]"	True	True	1.0	TU0-14126[c]	
EG10406	gltS	"[""gltS"", ""gltC"", ""b3653"", ""ECK3643""]"	3827460.0	3828665.0	-	"[""EG10406_RNA""]"	True	True	1.0	TU0-8804[c]	
EG10407	gltX	"[""gltX"", ""gltM"", ""gluRS"", ""b2400"", ""ECK2394""]"	2519257.0	2520672.0	-	"[""EG10407_RNA""]"	True	True	1.0	TU0-6409[c]	
EG10417	grxA	"[""grxA"", ""grx"", ""b0849"", ""ECK0840""]"	890496.0	890753.0	-	"[""EG10417_RNA""]"	True	True	1.0	TU721[c]	
EG10418	gshA	"[""gshA"", ""gsh-I"", ""b2688"", ""ECK2683""]"	2814883.0	2816439.0	-	"[""EG10418_RNA""]"	True	True	1.0	TU0-13714[c]	
EG10431	hemH	"[""hemH"", ""popA"", ""visA"", ""b0475"", ""ECK0469""]"	498055.0	499017.0	+	"[""EG10431_RNA""]"	True	True	1.0	TU0-12951[c]	
EG10456	hmp	"[""hmp"", ""fsrB"", ""hmpA"", ""b2552"", ""ECK2549""]"	2685835.0	2687025.0	+	"[""EG10456_RNA""]"	True	True	1.0	TU681[c]	
EG10464	lpxL	"[""lpxL"", ""htrB"", ""waaM"", ""b1054"", ""ECK1039""]"	1115662.0	1116582.0	-	"[""EG10464_RNA""]"	True	True	1.0	TU0-901[c]	
EG10488	iap	"[""iap"", ""b2753"", ""ECK2748""]"	2876581.0	2877618.0	+	"[""EG10488_RNA""]"	True	True	1.0	TU0-8811[c]	
EG10520	waaA	"[""waaA"", ""kdtA"", ""b3633"", ""ECK3623""]"	3808540.0	3809817.0	+	"[""EG10520_RNA""]"	True	True	1.0	TU0-7163[c]	
EG10522	kgtP	"[""kgtP"", ""witA"", ""b2587"", ""ECK2585""]"	2724448.0	2725746.0	-	"[""EG10522_RNA""]"	True	True	1.0	TU0-13674[c]	
EG10561	malQ	"[""malQ"", ""malA"", ""b3416"", ""ECK3403""]"	3547986.0	3550070.0	-	"[""EG10561_RNA""]"	True	True	1.0	TU-8414[c]	
EG10566	manA	"[""manA"", ""pmi"", ""b1613"", ""ECK1608""]"	1688576.0	1689751.0	+	"[""EG10566_RNA""]"	True	True	1.0	TU0-6425[c]	
EG10584	metE	"[""metE"", ""metB12"", ""b3829"", ""ECK3823""]"	4013053.0	4015314.0	+	"[""EG10584_RNA""]"	True	True	1.0	TU0-8221[c]	
EG10587	metH	"[""metH"", ""b4019"", ""ECK4011""]"	4223828.0	4227511.0	+	"[""EG10587_RNA""]"	True	True	1.0	TU0-42471[c]	
EG10604	mraY	"[""mraY"", ""murX"", ""b0087"", ""ECK0088""]"	96002.0	97084.0	+	"[""EG10604_RNA""]"	True	True	1.0	EG10604_RNA[c]	
EG10614	lpxM	"[""lpxM"", ""mlt"", ""waaN"", ""msbB"", ""b1855"", ""ECK1856""]"	1939222.0	1940193.0	-	"[""EG10614_RNA""]"	True	True	1.0	TU0-13441[c]	
EG10617	mtr	"[""mtr"", ""b3161"", ""ECK3149""]"	3304573.0	3305817.0	-	"[""EG10617_RNA""]"	True	True	1.0	TU0-14288[c]	
EG10620	murD	"[""murD"", ""b0088"", ""ECK0089""]"	97087.0	98403.0	+	"[""EG10620_RNA""]"	True	True	1.0	EG10620_RNA[c]	
EG10621	murE	"[""murE"", ""b0085"", ""ECK0086""]"	93166.0	94653.0	+	"[""EG10621_RNA""]"	True	True	1.0	EG10621_RNA[c]	
EG10622	murF	"[""murF"", ""mra"", ""b0086"", ""ECK0087""]"	94650.0	96008.0	+	"[""EG10622_RNA""]"	True	True	1.0	EG10622_RNA[c]	
EG10623	murG	"[""murG"", ""b0090"", ""ECK0091""]"	99644.0	100711.0	+	"[""EG10623_RNA""]"	True	True	1.0	EG10623_RNA[c]	
EG10628	fpr	"[""fpr"", ""flxR"", ""mvrA"", ""b3924"", ""ECK3916""]"	4113726.0	4114472.0	-	"[""EG10628_RNA""]"	True	True	1.0	TU00188[c]	
EG10631	nadB	"[""nadB"", ""nic"", ""nicB"", ""b2574"", ""ECK2572""]"	2710420.0	2712042.0	+	"[""EG10631_RNA""]"	True	True	1.0	TU00194[c]	
EG10634	umpH	"[""umpH"", ""nagD"", ""b0675"", ""ECK0663""]"	699574.0	700326.0	-	"[""EG10634_RNA""]"	True	True	1.0	TU0-6652[c]	
EG10642	narK	"[""narK"", ""b1223"", ""ECK1217""]"	1277957.0	1279348.0	+	"[""EG10642_RNA""]"	True	True	1.0	EG10642_RNA[c]	
EG10649	ndh	"[""ndh"", ""b1109"", ""ECK1095""]"	1166085.0	1167389.0	+	"[""EG10649_RNA""]"	True	True	1.0	TU00158[c]	
EG10651	nfo	"[""nfo"", ""b2159"", ""ECK2152""]"	2250840.0	2251697.0	+	"[""EG10651_RNA""]"	True	True	1.0	TU00189[c]	
EG10673	ompT	"[""ompT"", ""b0565"", ""ECK0557""]"	584680.0	585633.0	-	"[""EG10673_RNA""]"	True	True	1.0	TU0-7823[c]	
EG10688	pck	"[""pck"", ""pckA"", ""b3403"", ""ECK3390""]"	3532818.0	3534440.0	+	"[""EG10688_RNA""]"	True	True	1.0	TU00141[c]	
EG10696	pepN	"[""pepN"", ""b0932"", ""ECK0923""]"	990622.0	993234.0	+	"[""EG10696_RNA""]"	True	True	1.0	TU0-8489[c]	
EG10703	pgk	"[""pgk"", ""b2926"", ""ECK2922""]"	3071459.0	3072622.0	-	"[""EG10703_RNA""]"	True	True	1.0	TU0-14814[c]	
EG10705	pgpB	"[""pgpB"", ""b1278"", ""ECK1273""]"	1339330.0	1340094.0	+	"[""EG10705_RNA""]"	True	True	1.0	TU0-13199[c]	
EG10706	pgsA	"[""pgsA"", ""b1912"", ""ECK1911""]"	1992269.0	1992817.0	-	"[""EG10706_RNA""]"	True	True	1.0	TU0-13451[c]	
EG10708	pheP	"[""pheP"", ""b0576"", ""ECK0568""]"	601959.0	603335.0	+	"[""EG10708_RNA""]"	True	True	1.0	TU0-8149[c]	
EG10740	plsB	"[""plsB"", ""b4041"", ""ECK4033""]"	4254043.0	4256466.0	-	"[""EG10740_RNA""]"	True	True	1.0	TU-8421[c]	
EG10742	pncB	"[""pncB"", ""b0931"", ""ECK0922""]"	989154.0	990356.0	-	"[""EG10742_RNA""]"	True	True	1.0	TU00195[c]	
EG10757	ppiA	"[""ppiA"", ""rot"", ""rotA"", ""b3363"", ""ECK3351""]"	3491725.0	3492297.0	-	"[""EG10757_RNA""]"	True	True	1.0	TU00463[c]	
EG10780	pspE	"[""pspE"", ""b1308"", ""ECK1303""]"	1369689.0	1370003.0	+	"[""EG10780_RNA""]"	True	True	1.0	TU0-14499[c]	
EG10797	purL	"[""purL"", ""purI"", ""b2557"", ""ECK2555""]"	2691656.0	2695543.0	-	"[""EG10797_RNA""]"	True	True	1.0	TU00057[c]	
EG10802	putP	"[""putP"", ""putC"", ""b1015"", ""ECK1006""]"	1079305.0	1080813.0	+	"[""EG10802_RNA""]"	True	True	1.0	TU103[c]	
EG10807	pyrD	"[""pyrD"", ""b0945"", ""ECK0936""]"	1004768.0	1005778.0	+	"[""EG10807_RNA""]"	True	True	1.0	TU00061[c]	
EG10812	queA	"[""queA"", ""tsaA"", ""b0405"", ""ECK0399""]"	425011.0	426081.0	+	"[""EG10812_RNA""]"	True	True	1.0	TU871[c]	
EG10851	rimJ	"[""rimJ"", ""tcp"", ""b1066"", ""ECK1051""]"	1125562.0	1126146.0	+	"[""EG10851_RNA""]"	True	True	1.0	TU0-8281[c]	
EG10853	rimL	"[""rimL"", ""b1427"", ""ECK1420""]"	1498938.0	1499477.0	+	"[""EG10853_RNA""]"	True	True	1.0	TU0-6423[c]	
EG10930	sdaA	"[""sdaA"", ""b1814"", ""ECK1812""]"	1896932.0	1898296.0	+	"[""EG10930_RNA""]"	True	True	1.0	TU00223[c]	
EG10945	serB	"[""serB"", ""b4388"", ""ECK4380""]"	4624895.0	4625863.0	+	"[""EG10945_RNA""]"	True	True	1.0	TU0-14224[c]	
EG10950	slt	"[""slt"", ""sltY"", ""b4392"", ""ECK4384""]"	4630733.0	4632670.0	+	"[""EG10950_RNA""]"	True	True	1.0	TU0-14226[c]	
EG10983	suhB	"[""suhB"", ""ssyA"", ""b2533"", ""ECK2530""]"	2663442.0	2664245.0	+	"[""EG10983_RNA""]"	True	True	1.0	TU0-13658[c]	
EG11003	tig	"[""tig"", ""b0436"", ""ECK0430""]"	455133.0	456431.0	+	"[""EG11003_RNA""]"	True	True	1.0	TU0-12928[c]	
EG11017	treA	"[""treA"", ""osmA"", ""tre"", ""b1197"", ""ECK1185""]"	1245679.0	1247376.0	-	"[""EG11017_RNA""]"	True	True	1.0	TU00396[c]	
EG11020	trkG	"[""trkG"", ""b1363"", ""ECK1362""]"	1423782.0	1425239.0	+	"[""EG11020_RNA""]"	True	True	1.0	TU0-13233[c]	
EG11022	trmA	"[""trmA"", ""rT"", ""rumT"", ""b3965"", ""ECK3957""]"	4162170.0	4163270.0	-	"[""EG11022_RNA""]"	True	True	1.0	TU00430[c]	
EG11031	trxA	"[""trxA"", ""dasC"", ""fipA"", ""tsnC"", ""b3781"", ""ECK3773""]"	3965761.0	3966090.0	+	"[""EG11031_RNA""]"	True	True	1.0	TU0-3102[c]	
EG11035	tsx	"[""tsx"", ""T6rec"", ""nupA"", ""b0411"", ""ECK0405""]"	431129.0	432013.0	-	"[""EG11035_RNA""]"	True	True	1.0	TU00449[c]	
EG11041	tyrP	"[""tyrP"", ""b1907"", ""ECK1906""]"	1989681.0	1990892.0	+	"[""EG11041_RNA""]"	True	True	1.0	TU0-6631[c]	
EG11044	ubiX	"[""ubiX"", ""dedF"", ""b2311"", ""ECK2305""]"	2428057.0	2428626.0	-	"[""EG11044_RNA""]"	True	True	1.0	TU0-14520[c]	
EG11060	ushA	"[""ushA"", ""b0480"", ""ECK0474""]"	504914.0	506566.0	+	"[""EG11060_RNA""]"	True	True	1.0	TU0-8534[c]	
EG11065	uxaB	"[""uxaB"", ""b1521"", ""ECK1514""]"	1609229.0	1610680.0	-	"[""EG11065_RNA""]"	True	True	1.0	TU0-36422[c]	
EG11073	xthA	"[""xthA"", ""xth"", ""b1749"", ""ECK1747""]"	1832428.0	1833234.0	+	"[""EG11073_RNA""]"	True	True	1.0	TU542[c]	
EG11076	xylE	"[""xylE"", ""b4031"", ""ECK4023""]"	4240779.0	4242254.0	-	"[""EG11076_RNA""]"	True	True	1.0	TU0-14113[c]	
EG11082	rihC	"[""rihC"", ""yaaF"", ""b0030"", ""ECK0031""]"	27293.0	28207.0	+	"[""EG11082_RNA""]"	True	True	1.0	TU0-12797[c]	
EG11095	acpH	"[""acpH"", ""yajB"", ""b0404"", ""ECK0398""]"	424337.0	424918.0	-	"[""EG11095_RNA""]"	True	True	1.0	TU0-8764[c]	
EG11104	entS	"[""entS"", ""ybdA"", ""b0591"", ""ECK0584""]"	622300.0	623550.0	+	"[""EG11104_RNA""]"	True	True	1.0	TU0-6042[c]	
EG11112	aat	"[""aat"", ""ycaA"", ""b0885"", ""ECK0876""]"	926728.0	927432.0	-	"[""EG11112_RNA""]"	True	True	1.0	TU0-13077[c]	
EG11116	trhO	"[""trhO"", ""yceA"", ""b1055"", ""ECK1040""]"	1116807.0	1117859.0	+	"[""EG11116_RNA""]"	True	True	1.0	TU0-921[c]	
EG11118	rluC	"[""rluC"", ""yceC"", ""b1086"", ""ECK1071""]"	1144940.0	1145899.0	+	"[""EG11118_RNA""]"	True	True	1.0	TU0-13134[c]	
EG11121	yciA	"[""yciA"", ""b1253"", ""ECK1247""]"	1311848.0	1312246.0	-	"[""EG11121_RNA""]"	True	True	1.0	TU0-13189[c]	
EG11143	ubiG	"[""ubiG"", ""pufX"", ""yfaB"", ""b2232"", ""ECK2224""]"	2339567.0	2340289.0	+	"[""EG11143_RNA""]"	True	True	1.0	TU00126[c]	
EG11158	fau	"[""fau"", ""ygfA"", ""b2912"", ""ECK2907""]"	3056241.0	3056789.0	+	"[""EG11158_RNA""]"	True	True	1.0	EG11158_RNA[c]	
EG11159	argO	"[""argO"", ""yggA"", ""b2923"", ""ECK2919""]"	3068173.0	3068808.0	-	"[""EG11159_RNA""]"	True	True	1.0	TU0-13799[c]	
EG11166	ygiD	"[""ygiD"", ""b3039"", ""ECK3030""]"	3181619.0	3182434.0	-	"[""EG11166_RNA""]"	True	True	1.0	TU0-8755[c]	
EG11175	garK	"[""garK"", ""yhaD"", ""b3124"", ""ECK3112""]"	3270625.0	3271770.0	-	"[""EG11175_RNA""]"	True	True	1.0	EG11175_RNA[c]	
EG11176	garR	"[""garR"", ""yhaE"", ""b3125"", ""ECK3113""]"	3271867.0	3272751.0	-	"[""EG11176_RNA""]"	True	True	1.0	TU0-42699[c]	
EG11177	truB	"[""truB"", ""yhbA"", ""b3166"", ""ECK3155""]"	3311833.0	3312777.0	-	"[""EG11177_RNA""]"	True	True	1.0	EG11177_RNA[c]	
EG11194	xanP	"[""xanP"", ""yicE"", ""b3654"", ""ECK3644""]"	3828945.0	3830336.0	+	"[""EG11194_RNA""]"	True	True	1.0	TU0-14005[c]	
EG11195	yidA	"[""yidA"", ""b3697"", ""ECK3689""]"	3876140.0	3876952.0	-	"[""EG11195_RNA""]"	True	True	1.0	TU0-14019[c]	
EG11207	yjaB	"[""yjaB"", ""b4012"", ""ECK4004""]"	4213680.0	4214123.0	-	"[""EG11207_RNA""]"	True	True	1.0	TU0-5062[c]	
EG11221	zwf	"[""zwf"", ""b1852"", ""ECK1853""]"	1934839.0	1936314.0	-	"[""EG11221_RNA""]"	True	True	1.0	TU00209[c]	
EG11223	argH	"[""argH"", ""b3960"", ""ECK3951""]"	4156850.0	4158223.0	+	"[""EG11223_RNA""]"	True	True	1.0	TU0-42684[c]	
EG11239	ybhA	"[""ybhA"", ""b0766"", ""ECK0755""]"	797613.0	798431.0	-	"[""EG11239_RNA""]"	True	True	1.0	TU0-8564[c]	
EG11247	rlmD	"[""rlmD"", ""ygcA"", ""rumA"", ""b2785"", ""ECK2779""]"	2913699.0	2915000.0	-	"[""EG11247_RNA""]"	True	True	1.0	TU0-13735[c]	
EG11253	ldtD	"[""ldtD"", ""ycbB"", ""b0925"", ""ECK0916""]"	981047.0	982894.0	+	"[""EG11253_RNA""]"	True	True	1.0	TU0-13090[c]	
EG11266	waaH	"[""waaH"", ""yibD"", ""b3615"", ""ECK3605""]"	3789047.0	3790081.0	-	"[""EG11266_RNA""]"	True	True	1.0	TU0-13999[c]	
EG11288	mak	"[""mak"", ""yajF"", ""b0394"", ""ECK0389""]"	410144.0	411052.0	+	"[""EG11288_RNA""]"	True	True	1.0	TU0-8828[c]	
EG11291	loiP	"[""loiP"", ""yggG"", ""b2936"", ""ECK2931""]"	3081913.0	3082671.0	+	"[""EG11291_RNA""]"	True	True	1.0	TU0-14235[c]	
EG11292	yghA	"[""yghA"", ""b3003"", ""ECK2997""]"	3149662.0	3150546.0	+	"[""EG11292_RNA""]"	True	True	1.0	TU0-14232[c]	
EG11309	pdxI	"[""pdxI"", ""ydbC"", ""b1406"", ""ECK1399""]"	1474221.0	1475081.0	+	"[""EG11309_RNA""]"	True	True	1.0	TU0-13248[c]	
EG11313	rhaT	"[""rhaT"", ""b3907"", ""ECK3900""]"	4099491.0	4100525.0	-	"[""EG11313_RNA""]"	True	True	1.0	TU00208[c]	
EG11334	ligB	"[""ligB"", ""yicF"", ""b3647"", ""ECK3637""]"	3819488.0	3821170.0	-	"[""EG11334_RNA""]"	True	True	1.0	TU0-8847[c]	
EG11337	lysP	"[""lysP"", ""cadR"", ""b2156"", ""ECK2149""]"	2247063.0	2248532.0	-	"[""EG11337_RNA""]"	True	True	1.0	TU0-6404[c]	
EG11343	mdtG	"[""mdtG"", ""yceE"", ""b1053"", ""ECK1038""]"	1114264.0	1115490.0	-	"[""EG11343_RNA""]"	True	True	1.0	TU0-13125[c]	
EG11344	mnmA	"[""mnmA"", ""asuE"", ""ycfB"", ""trmU"", ""b1133"", ""ECK1119""]"	1192667.0	1193773.0	-	"[""EG11344_RNA""]"	True	True	1.0	TU0-14364[c]	
EG11358	murA	"[""murA"", ""mrbA"", ""murZ"", ""b3189"", ""ECK3178""]"	3335235.0	3336494.0	-	"[""EG11358_RNA""]"	True	True	1.0	TU0-13887[c]	
EG11377	plsC	"[""plsC"", ""parF"", ""b3018"", ""ECK3009""]"	3162744.0	3163481.0	-	"[""EG11377_RNA""]"	True	True	1.0	TU0-13829[c]	
EG11385	ahpF	"[""ahpF"", ""b0606"", ""ECK0600""]"	639753.0	641318.0	+	"[""EG11385_RNA""]"	True	True	1.0	TU-8435[c]	
EG11392	nhaB	"[""nhaB"", ""b1186"", ""ECK1174""]"	1233176.0	1234717.0	-	"[""EG11392_RNA""]"	True	True	1.0	TU0-13173[c]	
EG11393	dsbB	"[""dsbB"", ""ycgA"", ""roxB"", ""dsbX"", ""iarB"", ""rosB"", ""b1185"", ""ECK1173""]"	1232500.0	1233030.0	-	"[""EG11393_RNA""]"	True	True	1.0	TU0-13172[c]	
EG11419	bcr	"[""bcr"", ""bicA"", ""bicR"", ""sur"", ""suxA"", ""b2182"", ""ECK2176""]"	2278570.0	2279760.0	-	"[""EG11419_RNA""]"	True	True	1.0	TU0-13554[c]	
EG11433	msrA	"[""msrA"", ""pms"", ""pmsR"", ""b4219"", ""ECK4215""]"	4441538.0	4442176.0	-	"[""EG11433_RNA""]"	True	True	1.0	TU241[c]	
EG11438	yceF	"[""yceF"", ""b1087"", ""ECK1072""]"	1146011.0	1146595.0	-	"[""EG11438_RNA""]"	True	True	1.0	TU0-8683[c]	
EG11459	thrP	"[""thrP"", ""yifK"", ""b3795"", ""ECK3788""]"	3980887.0	3982272.0	+	"[""EG11459_RNA""]"	True	True	1.0	TU0-14040[c]	
EG11463	corA	"[""corA"", ""b3816"", ""ECK3810""]"	4001426.0	4002376.0	+	"[""EG11463_RNA""]"	True	True	1.0	TU00455[c]	
EG11467	yigI	"[""yigI"", ""b3820"", ""ECK3814""]"	4004230.0	4004697.0	-	"[""EG11467_RNA""]"	True	True	1.0	TU0-14045[c]	
EG11468	rhtC	"[""rhtC"", ""yigJ"", ""b3823"", ""ECK3817""]"	4007757.0	4008377.0	+	"[""EG11468_RNA""]"	True	True	1.0	TU0-14048[c]	
EG11469	rhtB	"[""rhtB"", ""yigK"", ""b3824"", ""ECK3818""]"	4008439.0	4009059.0	-	"[""EG11469_RNA""]"	True	True	1.0	TU0-8501[c]	
EG11471	bioP	"[""bioP"", ""yigM"", ""b3827"", ""ECK3821""]"	4011076.0	4011975.0	+	"[""EG11471_RNA""]"	True	True	1.0	TU0-14050[c]	
EG11498	yhdJ	"[""yhdJ"", ""b3262"", ""ECK3249""]"	3411653.0	3412537.0	+	"[""EG11498_RNA""]"	True	True	1.0	TU0-13905[c]	
EG11512	satP	"[""satP"", ""yaaH"", ""b0010"", ""ECK0010""]"	9928.0	10494.0	-	"[""EG11512_RNA""]"	True	True	1.0	TU0-12791[c]	
EG11538	yfiC	"[""yfiC"", ""trmM"", ""b2575"", ""ECK2573""]"	2712027.0	2712764.0	-	"[""EG11538_RNA""]"	True	True	1.0	TU0-8740[c]	
EG11541	kup	"[""kup"", ""trkD"", ""b3747"", ""ECK3741""]"	3931316.0	3933184.0	+	"[""EG11541_RNA""]"	True	True	1.0	TU0-14032[c]	
EG11551	hypF	"[""hypF"", ""hydA"", ""b2712"", ""ECK2707""]"	2835173.0	2837425.0	-	"[""EG11551_RNA""]"	True	True	1.0	TU0-14405[c]	
EG11579	ybiA	"[""ybiA"", ""b0798"", ""ECK0787""]"	832468.0	832950.0	-	"[""EG11579_RNA""]"	True	True	1.0	TU0-8567[c]	
EG11581	hcxB	"[""hcxB"", ""ybiC"", ""b0801"", ""ECK0790""]"	836351.0	837436.0	+	"[""EG11581_RNA""]"	True	True	1.0	TU0-13051[c]	
EG11591	lipB	"[""lipB"", ""cde"", ""lip"", ""b0630"", ""ECK0623""]"	661637.0	662278.0	-	"[""EG11591_RNA""]"	True	True	1.0	TU0-13006[c]	
EG11600	sseA	"[""sseA"", ""mstA"", ""b2521"", ""ECK2517""]"	2652494.0	2653339.0	+	"[""EG11600_RNA""]"	True	True	1.0	TU0-8526[c]	
EG11613	eptA	"[""eptA"", ""yjdB"", ""b4114"", ""ECK4107""]"	4333947.0	4335590.0	-	"[""EG11613_RNA""]"	True	True	1.0	TU0-14345[c]	
EG11636	ydeA	"[""ydeA"", ""b1528"", ""ECK1521""]"	1617028.0	1618218.0	+	"[""EG11636_RNA""]"	True	True	1.0	TU0-1421[c]	
EG11639	eamA	"[""eamA"", ""ydeD"", ""b1533"", ""ECK1526""]"	1620238.0	1621137.0	-	"[""EG11639_RNA""]"	True	True	1.0	TU0-8704[c]	
EG11648	dkgB	"[""dkgB"", ""yafB"", ""b0207"", ""ECK0207""]"	229167.0	229970.0	+	"[""EG11648_RNA""]"	True	True	1.0	TU0-12839[c]	
EG11662	yedK	"[""yedK"", ""yedG"", ""b1931"", ""ECK1930""]"	2009821.0	2010489.0	+	"[""EG11662_RNA""]"	True	True	1.0	TU0-13456[c]	
EG11665	bacA	"[""bacA"", ""uppP"", ""b3057"", ""ECK3047""]"	3203310.0	3204131.0	-	"[""EG11665_RNA""]"	True	True	1.0	TU0-3425[c]	
EG11689	nepI	"[""nepI"", ""yicM"", ""b3662"", ""ECK3653""]"	3840549.0	3841739.0	-	"[""EG11689_RNA""]"	True	True	1.0	TU0-14010[c]	
EG11691	adeQ	"[""adeQ"", ""yicO"", ""b3664"", ""ECK3655""]"	3842455.0	3843789.0	-	"[""EG11691_RNA""]"	True	True	1.0	TU0-14012[c]	
EG11693	emrD	"[""emrD"", ""yicQ"", ""b3673"", ""ECK3664""]"	3853922.0	3855106.0	+	"[""EG11693_RNA""]"	True	True	1.0	TU0-14013[c]	
EG11720	mdtL	"[""mdtL"", ""yidY"", ""b3710"", ""ECK3703""]"	3891615.0	3892790.0	+	"[""EG11720_RNA""]"	True	True	1.0	TU0-14022[c]	
EG11724	adeP	"[""adeP"", ""yieG"", ""purP"", ""b3714"", ""ECK3707""]"	3895272.0	3896609.0	-	"[""EG11724_RNA""]"	True	True	1.0	TU0-8601[c]	
EG11725	yieH	"[""yieH"", ""b3715"", ""ECK3708""]"	3896774.0	3897439.0	+	"[""EG11725_RNA""]"	True	True	1.0	TU0-14025[c]	
EG11736	gmhB	"[""gmhB"", ""yaeD"", ""b0200"", ""ECK0200""]"	222833.0	223408.0	+	"[""EG11736_RNA""]"	True	True	1.0	TU0-12838[c]	
EG11753	chaA	"[""chaA"", ""b1216"", ""ECK1210""]"	1270749.0	1271849.0	-	"[""EG11753_RNA""]"	True	True	1.0	TU0-8777[c]	
EG11754	setA	"[""setA"", ""yabM"", ""b0070"", ""ECK0072""]"	77621.0	78799.0	+	"[""EG11754_RNA""]"	True	True	1.0	EG11754_RNA[c]	
EG11768	selU	"[""selU"", ""ybbB"", ""mnmH"", ""b0503"", ""ECK0496""]"	530132.0	531226.0	-	"[""EG11768_RNA""]"	True	True	1.0	TU0-14295[c]	
EG11794	rlmM	"[""rlmM"", ""ygdE"", ""b2806"", ""ECK2801""]"	2940143.0	2941243.0	-	"[""EG11794_RNA""]"	True	True	1.0	TU0-14306[c]	
EG11797	talA	"[""talA"", ""b2464"", ""ECK2459""]"	2578666.0	2579616.0	+	"[""EG11797_RNA""]"	True	True	1.0	TU0-14644[c]	
EG11809	purT	"[""purT"", ""b1849"", ""ECK1850""]"	1930881.0	1932059.0	+	"[""EG11809_RNA""]"	True	True	1.0	TU0-8494[c]	
EG11833	yihG	"[""yihG"", ""b3862"", ""ECK3854""]"	4045670.0	4046602.0	-	"[""EG11833_RNA""]"	True	True	1.0	TU0-1402[c]	
EG11836	hemN	"[""hemN"", ""yihJ"", ""b3867"", ""ECK3860""]"	4052045.0	4053418.0	+	"[""EG11836_RNA""]"	True	True	1.0	TU0-6505[c]	
EG11843	yihQ	"[""yihQ"", ""squQ"", ""b3878"", ""ECK3871""]"	4067240.0	4069276.0	-	"[""EG11843_RNA""]"	True	True	1.0	TU0-14066[c]	
EG11869	kdgT	"[""kdgT"", ""b3909"", ""ECK3902""]"	4101690.0	4102673.0	+	"[""EG11869_RNA""]"	True	True	1.0	TU0-14076[c]	
EG11893	dacD	"[""dacD"", ""phsE"", ""yeeC"", ""b2010"", ""ECK2004""]"	2081381.0	2082547.0	-	"[""EG11893_RNA""]"	True	True	1.0	TU0-13488[c]	
EG11896	plaP	"[""plaP"", ""yeeF"", ""b2014"", ""ECK2008""]"	2085704.0	2087062.0	-	"[""EG11896_RNA""]"	True	True	1.0	TU0-13490[c]	
EG11902	yijE	"[""yijE"", ""b3943"", ""ECK3935""]"	4136108.0	4137013.0	+	"[""EG11902_RNA""]"	True	True	1.0	TU0-14089[c]	
EG11914	eptC	"[""eptC"", ""yijP"", ""b3955"", ""ECK3946""]"	4148532.0	4150265.0	-	"[""EG11914_RNA""]"	True	True	1.0	TU0-14094[c]	
EG11919	yjbB	"[""yjbB"", ""b4020"", ""ECK4012""]"	4227731.0	4229362.0	+	"[""EG11919_RNA""]"	True	True	1.0	TU0-14107[c]	
EG11920	pepE	"[""pepE"", ""b4021"", ""ECK4013""]"	4229453.0	4230142.0	-	"[""EG11920_RNA""]"	True	True	1.0	TU0-8488[c]	
EG11921	rluF	"[""rluF"", ""yjbC"", ""b4022"", ""ECK4014""]"	4230354.0	4231226.0	+	"[""EG11921_RNA""]"	True	True	1.0	TU0-8505[c]	
EG11932	dusA	"[""dusA"", ""yjbN"", ""b4049"", ""ECK4041""]"	4261669.0	4262706.0	+	"[""EG11932_RNA""]"	True	True	1.0	TU0-14118[c]	
EG11938	pdeC	"[""pdeC"", ""yjcC"", ""b4061"", ""ECK4053""]"	4275471.0	4277057.0	+	"[""EG11938_RNA""]"	True	True	1.0	TU0-8609[c]	
EG11939	ghxP	"[""ghxP"", ""yjcD"", ""b4064"", ""ECK4057""]"	4278479.0	4279828.0	+	"[""EG11939_RNA""]"	True	True	1.0	TU0-14123[c]	
EG11955	yjcS	"[""yjcS"", ""b4083"", ""ECK4076""]"	4304612.0	4306597.0	-	"[""EG11955_RNA""]"	True	True	1.0	TU0-14129[c]	
EG11956	alsK	"[""alsK"", ""yjcT"", ""b4084"", ""ECK4077""]"	4306870.0	4307799.0	-	"[""EG11956_RNA""]"	True	True	1.0	TU0-14293[c]	
EG11971	nupC	"[""nupC"", ""cru"", ""b2393"", ""ECK2388""]"	2513042.0	2514244.0	+	"[""EG11971_RNA""]"	True	True	1.0	TU00147[c]	
EG12013	bglX	"[""bglX"", ""glh"", ""yohA"", ""b2132"", ""ECK2125""]"	2219692.0	2221989.0	-	"[""EG12013_RNA""]"	True	True	1.0	TU0-7501[c]	
EG12015	pbpG	"[""pbpG"", ""yohB"", ""psv"", ""b2134"", ""ECK2127""]"	2223938.0	2224870.0	-	"[""EG12015_RNA""]"	True	True	1.0	TU0-13529[c]	
EG12022	dusC	"[""dusC"", ""yohI"", ""b2140"", ""ECK2133""]"	2229438.0	2230385.0	-	"[""EG12022_RNA""]"	True	True	1.0	TU0-13534[c]	
EG12032	psuT	"[""psuT"", ""pscT"", ""yeiM"", ""b2164"", ""ECK2157""]"	2256085.0	2257335.0	-	"[""EG12032_RNA""]"	True	True	1.0	TU0-13545[c]	
EG12034	setB	"[""setB"", ""yeiO"", ""b2170"", ""ECK2163""]"	2263863.0	2265044.0	+	"[""EG12034_RNA""]"	True	True	1.0	TU0-14239[c]	
EG12044	rsuA	"[""rsuA"", ""yejD"", ""b2183"", ""ECK2177""]"	2279788.0	2280483.0	-	"[""EG12044_RNA""]"	True	True	1.0	TU0-13555[c]	
EG12045	radD	"[""radD"", ""yejJ"", ""yejI"", ""yejH"", ""b2184"", ""ECK2178""]"	2280632.0	2282392.0	+	"[""EG12045_RNA""]"	True	True	1.0	TU0-13556[c]	
EG12069	mqo	"[""mqo"", ""yojH"", ""b2210"", ""ECK2202""]"	2305108.0	2306754.0	-	"[""EG12069_RNA""]"	True	True	1.0	TU0-13559[c]	
EG12073	ftp	"[""ftp"", ""yojK"", ""yojL"", ""apbE"", ""b2214"", ""ECK2206""]"	2310479.0	2311534.0	-	"[""EG12073_RNA""]"	True	True	1.0	TU0-13561[c]	
EG12128	lgt	"[""lgt"", ""umpA"", ""b2828"", ""ECK2824""]"	2965162.0	2966037.0	-	"[""EG12128_RNA""]"	True	True	1.0	TU0-42614[c]	
EG12133	ucpA	"[""ucpA"", ""yfeF"", ""b2426"", ""ECK2421""]"	2543832.0	2544623.0	-	"[""EG12133_RNA""]"	True	True	1.0	TU0-13623[c]	
EG12134	rhtA	"[""rhtA"", ""ybiF"", ""b0813"", ""ECK0802""]"	849210.0	850097.0	-	"[""EG12134_RNA""]"	True	True	1.0	TU0-13058[c]	
EG12141	punC	"[""punC"", ""ydhC"", ""b1660"", ""ECK1656""]"	1739911.0	1741122.0	+	"[""EG12141_RNA""]"	True	True	1.0	TU0-13360[c]	
EG12148	galP	"[""galP"", ""Pgal"", ""b2943"", ""ECK2938""]"	3088284.0	3089678.0	+	"[""EG12148_RNA""]"	True	True	1.0	TU0-7081[c]	
EG12152	idnK	"[""idnK"", ""gntV"", ""b4268"", ""ECK4261""]"	4494623.0	4495186.0	+	"[""EG12152_RNA""]"	True	True	1.0	TU0-4681[c]	
EG12163	rsmB	"[""rsmB"", ""yhdB"", ""rrmB"", ""fmu"", ""fmv"", ""sun"", ""b3289"", ""ECK3275""]"	3435207.0	3436496.0	+	"[""EG12163_RNA""]"	True	True	1.0	TU0-14355[c]	
EG12180	pagP	"[""pagP"", ""ybeG"", ""crcA"", ""b0622"", ""ECK0615""]"	656557.0	657117.0	+	"[""EG12180_RNA""]"	True	True	1.0	TU0-7821[c]	
EG12183	ampG	"[""ampG"", ""b0433"", ""ECK0427""]"	452070.0	453545.0	-	"[""EG12183_RNA""]"	True	True	1.0	TU0-12926[c]	
EG12207	rlmA	"[""rlmA"", ""rrmA"", ""yebH"", ""b1822"", ""ECK1820""]"	1906251.0	1907060.0	-	"[""EG12207_RNA""]"	True	True	1.0	TU0-13421[c]	
EG12215	zntA	"[""zntA"", ""yhhO"", ""b3469"", ""ECK3453""]"	3606451.0	3608649.0	+	"[""EG12215_RNA""]"	True	True	1.0	TU0-4623[c]	
EG12216	tusA	"[""tusA"", ""yhhP"", ""sirA"", ""b3470"", ""ECK3454""]"	3608751.0	3608996.0	-	"[""EG12216_RNA""]"	True	True	1.0	TU0-8510[c]	
EG12217	yhhQ	"[""yhhQ"", ""b3471"", ""ECK3455""]"	3609217.0	3609882.0	+	"[""EG12217_RNA""]"	True	True	1.0	TU0-13944[c]	
EG12221	acpT	"[""acpT"", ""yhhU"", ""b3475"", ""ECK3459""]"	3612969.0	3613556.0	+	"[""EG12221_RNA""]"	True	True	1.0	TU0-13947[c]	
EG12230	pitA	"[""pitA"", ""pit"", ""b3493"", ""ECK3478""]"	3637642.0	3639141.0	+	"[""EG12230_RNA""]"	True	True	1.0	TU0-8491[c]	
EG12232	dtpB	"[""dtpB"", ""yhiP"", ""b3496"", ""ECK3481""]"	3640862.0	3642331.0	+	"[""EG12232_RNA""]"	True	True	1.0	TU0-13956[c]	
EG12234	rlmJ	"[""rlmJ"", ""yhiR"", ""b3499"", ""ECK3484""]"	3645385.0	3646227.0	+	"[""EG12234_RNA""]"	True	True	1.0	TU0-13958[c]	
EG12244	ccp	"[""ccp"", ""yhjA"", ""b3518"", ""ECK3503""]"	3667791.0	3669188.0	-	"[""EG12244_RNA""]"	True	True	1.0	TU0-13965[c]	
EG12245	treF	"[""treF"", ""b3519"", ""ECK3504""]"	3669592.0	3671241.0	+	"[""EG12245_RNA""]"	True	True	1.0	TU0-8360[c]	
EG12252	pdeH	"[""pdeH"", ""yhjH"", ""b3525"", ""ECK3510""]"	3678420.0	3679187.0	-	"[""EG12252_RNA""]"	True	True	1.0	TU0-1549[c]	
EG12253	kdgK	"[""kdgK"", ""yhjI"", ""b3526"", ""ECK3511""]"	3679419.0	3680348.0	+	"[""EG12253_RNA""]"	True	True	1.0	TU0-7301[c]	
EG12267	eptB	"[""eptB"", ""yhjW"", ""b3546"", ""ECK3533""]"	3708784.0	3710475.0	-	"[""EG12267_RNA""]"	True	True	1.0	TU0-13975[c]	
EG12293	yiaY	"[""yiaY"", ""b3589"", ""ECK3578""]"	3756676.0	3757827.0	-	"[""EG12293_RNA""]"	True	True	1.0	TU0-13987[c]	
EG12294	grxC	"[""grxC"", ""yibM"", ""b3610"", ""ECK3600""]"	3784191.0	3784442.0	-	"[""EG12294_RNA""]"	True	True	1.0	TU0-13996[c]	
EG12318	cueO	"[""cueO"", ""yacK"", ""b0123"", ""ECK0122""]"	137083.0	138633.0	+	"[""EG12318_RNA""]"	True	True	1.0	TU0-3124[c]	
EG12330	thpR	"[""thpR"", ""yadP"", ""ligT"", ""b0147"", ""ECK0146""]"	161501.0	162031.0	-	"[""EG12330_RNA""]"	True	True	1.0	TU0-14344[c]	
EG12352	ppiC	"[""ppiC"", ""parvA"", ""b3775"", ""ECK3767""]"	3959532.0	3959813.0	-	"[""EG12352_RNA""]"	True	True	1.0	TU0-14034[c]	
EG12361	kduD	"[""kduD"", ""yqeD"", ""ygeC"", ""b2842"", ""ECK2840""]"	2982497.0	2983258.0	-	"[""EG12361_RNA""]"	True	True	1.0	TU0-13755[c]	
EG12380	gntT	"[""gntT"", ""gntTalpha"", ""yhgC"", ""gntM"", ""usgA"", ""b3415"", ""ECK3402""]"	3546559.0	3547875.0	+	"[""EG12380_RNA""]"	True	True	1.0	TU0-4927[c]	
EG12392	dauA	"[""dauA"", ""ychM"", ""b1206"", ""ECK1194""]"	1259124.0	1260803.0	-	"[""EG12392_RNA""]"	True	True	1.0	TU0-13179[c]	
EG12394	msrB	"[""msrB"", ""yeaA"", ""b1778"", ""ECK1776""]"	1862016.0	1862429.0	-	"[""EG12394_RNA""]"	True	True	1.0	TU0-41857[c]	
EG12400	mdtK	"[""mdtK"", ""norE"", ""norM"", ""ydhE"", ""b1663"", ""ECK1659""]"	1743457.0	1744830.0	+	"[""EG12400_RNA""]"	True	True	1.0	TU0-8825[c]	
EG12401	rlmN	"[""rlmN"", ""yfgB"", ""b2517"", ""ECK2513""]"	2643129.0	2644283.0	-	"[""EG12401_RNA""]"	True	True	1.0	TU0-13650[c]	
EG12403	chaC	"[""chaC"", ""b1218"", ""ECK1212""]"	1272507.0	1273202.0	+	"[""EG12403_RNA""]"	True	True	1.0	TU0-14458[c]	
EG12433	rluB	"[""rluB"", ""yciL"", ""b1269"", ""ECK1263""]"	1326852.0	1327727.0	+	"[""EG12433_RNA""]"	True	True	1.0	TU0-13195[c]	
EG12440	mpl	"[""mpl"", ""tpl"", ""yjfG"", ""b4233"", ""ECK4228""]"	4455785.0	4457158.0	+	"[""EG12440_RNA""]"	True	True	1.0	TU0-45213[c]	
EG12445	eamB	"[""eamB"", ""yfiK"", ""b2578"", ""ECK2576""]"	2715423.0	2716010.0	+	"[""EG12445_RNA""]"	True	True	1.0	TU0-8743[c]	
EG12454	ybaK	"[""ybaK"", ""b0481"", ""ECK0475""]"	506603.0	507082.0	-	"[""EG12454_RNA""]"	True	True	1.0	TU0-8556[c]	
EG12469	dtpC	"[""dtpC"", ""yjdL"", ""b4130"", ""ECK4124""]"	4354954.0	4356411.0	-	"[""EG12469_RNA""]"	True	True	1.0	TU0-14139[c]	
EG12504	cycA	"[""cycA"", ""ytfD"", ""dagA"", ""b4208"", ""ECK4204""]"	4429864.0	4431276.0	+	"[""EG12504_RNA""]"	True	True	1.0	TU0-14159[c]	
EG12563	gntP	"[""gntP"", ""yjiB"", ""b4321"", ""ECK4312""]"	4549953.0	4551296.0	-	"[""EG12563_RNA""]"	True	True	1.0	TU0-4961[c]	
EG12587	lgoT	"[""lgoT"", ""yjiZ"", ""yjjL"", ""b4356"", ""ECK4346""]"	4593361.0	4594722.0	-	"[""EG12587_RNA""]"	True	True	1.0	TU0-14210[c]	
EG12591	opgB	"[""opgB"", ""yjjO"", ""mdoB"", ""b4359"", ""ECK4349""]"	4597150.0	4599441.0	-	"[""EG12591_RNA""]"	True	True	1.0	TU0-14212[c]	
EG12631	gntU	"[""gntU"", ""b3435"", ""b3436"", ""b4476"", ""ECK3421""]"	3575721.0	3577061.0	-	"[""EG12631_RNA""]"	True	True	1.0	TU0-42252[c]	
EG12688	grxB	"[""grxB"", ""b1064"", ""ECK1049""]"	1123407.0	1124054.0	-	"[""EG12688_RNA""]"	True	True	1.0	TU0-13130[c]	
EG12712	luxS	"[""luxS"", ""ygaG"", ""b2687"", ""ECK2681""]"	2814218.0	2814733.0	-	"[""EG12712_RNA""]"	True	True	1.0	TU0-36414[c]	
EG12713	yddG	"[""yddG"", ""b1473"", ""ECK1467""]"	1546288.0	1547169.0	-	"[""EG12713_RNA""]"	True	True	1.0	TU0-13284[c]	
EG12732	sstT	"[""sstT"", ""ygjU"", ""b3089"", ""ECK3080""]"	3239944.0	3241188.0	+	"[""EG12732_RNA""]"	True	True	1.0	TU0-13860[c]	
EG12738	exuT	"[""exuT"", ""b3093"", ""ECK3084""]"	3245224.0	3246522.0	+	"[""EG12738_RNA""]"	True	True	1.0	TU0-14749[c]	
EG12760	garP	"[""garP"", ""yhaU"", ""b3127"", ""ECK3115""]"	3273573.0	3274907.0	-	"[""EG12760_RNA""]"	True	True	1.0	EG12760_RNA[c]	
EG12867	ampH	"[""ampH"", ""yaiH"", ""b0376"", ""ECK0371""]"	395130.0	396287.0	-	"[""EG12867_RNA""]"	True	True	1.0	TU0-14612[c]	
EG12876	tusE	"[""tusE"", ""yccK"", ""b0969"", ""ECK0960""]"	1030339.0	1030668.0	-	"[""EG12876_RNA""]"	True	True	1.0	TU0-13104[c]	
EG12883	pitB	"[""pitB"", ""b2987"", ""ECK2981""]"	3134872.0	3136371.0	-	"[""EG12883_RNA""]"	True	True	1.0	TU0-13818[c]	
EG12957	glk	"[""glk"", ""b2388"", ""ECK2384""]"	2508461.0	2509426.0	-	"[""EG12957_RNA""]"	True	True	1.0	TU0-14640[c]	
EG13159	xapB	"[""xapB"", ""b2406"", ""ECK2400""]"	2522729.0	2523985.0	-	"[""EG13159_RNA""]"	True	True	1.0	TU0-44210[c]	
EG13236	mngB	"[""mngB"", ""ybgG"", ""b0732"", ""ECK0720""]"	767978.0	770611.0	+	"[""EG13236_RNA""]"	True	True	1.0	TU0-44203[c]	
EG20044	dctA	"[""dctA"", ""b3528"", ""ECK3513""]"	3682161.0	3683447.0	-	"[""EG20044_RNA""]"	True	True	1.0	TU0-1461[c]	
G36	fadH	"[""fadH"", ""ygjL"", ""b3081"", ""ECK3071""]"	3231665.0	3233683.0	+	"[""G36_RNA""]"	True	True	1.0	TU0-13853[c]	
G495	bglA	"[""bglA"", ""yqfC"", ""bglD"", ""b2901"", ""ECK2896""]"	3043662.0	3045101.0	+	"[""G495_RNA""]"	True	True	1.0	TU-8439[c]	
G6096	tilS	"[""tilS"", ""yaeN"", ""mesJ"", ""b0188"", ""ECK0187""]"	212331.0	213629.0	+	"[""G6096_RNA""]"	True	True	1.0	TU0-12833[c]	
G6099	gloB	"[""gloB"", ""yafR"", ""b0212"", ""ECK0212""]"	234027.0	234782.0	-	"[""G6099_RNA""]"	True	True	1.0	TU0-12842[c]	
G6103	yafV	"[""yafV"", ""b0219"", ""ECK0220""]"	239419.0	240189.0	-	"[""G6103_RNA""]"	True	True	1.0	TU0-8545[c]	
G6105	fadE	"[""fadE"", ""yafH"", ""b0221"", ""ECK0222""]"	240859.0	243303.0	-	"[""G6105_RNA""]"	True	True	1.0	TU0-8793[c]	
G6108	dpaA	"[""dpaA"", ""yafK"", ""ldtF"", ""b0224"", ""ECK0225""]"	245065.0	245805.0	-	"[""G6108_RNA""]"	True	True	1.0	TU0-12848[c]	
G6190	yahK	"[""yahK"", ""b0325"", ""ECK0323""]"	342884.0	343933.0	+	"[""G6190_RNA""]"	True	True	1.0	TU0-12895[c]	
G6206	mhpT	"[""mhpT"", ""yaiK"", ""b0353"", ""ECK0350""]"	375459.0	376670.0	+	"[""G6206_RNA""]"	True	True	1.0	TU0-12900[c]	
G6238	thiI	"[""thiI"", ""nuvA"", ""yajK"", ""b0423"", ""ECK0417""]"	441549.0	442997.0	+	"[""G6238_RNA""]"	True	True	1.0	TU0-8529[c]	
G6244	fadM	"[""fadM"", ""ybaW"", ""tesC"", ""b0443"", ""ECK0437""]"	464402.0	464800.0	+	"[""G6244_RNA""]"	True	True	1.0	TU0-12932[c]	
G6245	queC	"[""queC"", ""ybaX"", ""b0444"", ""ECK0438""]"	464852.0	465547.0	-	"[""G6245_RNA""]"	True	True	1.0	TU0-12933[c]	
G6246	cof	"[""cof"", ""b0446"", ""ECK0440""]"	467412.0	468230.0	+	"[""G6246_RNA""]"	True	True	1.0	TU0-12935[c]	
G6256	fsr	"[""fsr"", ""b0479"", ""ECK0473""]"	503476.0	504696.0	-	"[""G6256_RNA""]"	True	True	1.0	TU0-12953[c]	
G6260	copA	"[""copA"", ""ybaR"", ""b0484"", ""ECK0478""]"	508875.0	511379.0	-	"[""G6260_RNA""]"	True	True	1.0	TU0-3122[c]	
G6275	allA	"[""allA"", ""glxA2"", ""ybbT"", ""b0505"", ""ECK0498""]"	532451.0	532933.0	+	"[""G6275_RNA""]"	True	True	1.0	TU0-7601[c]	
G6283	glxK	"[""glxK"", ""glxB5"", ""ybbZ"", ""b0514"", ""ECK0507""]"	541888.0	543033.0	+	"[""G6283_RNA""]"	True	True	1.0	TU0-14506[c]	
G6338	citT	"[""citT"", ""ybdS"", ""b0612"", ""ECK0605""]"	645117.0	646580.0	-	"[""G6338_RNA""]"	True	True	1.0	TU0-12998[c]	
G6347	dcuC	"[""dcuC"", ""b0621"", ""ECK0614""]"	654583.0	655968.0	-	"[""G6347_RNA""]"	True	True	1.0	TU0-1603[c]	
G6364	miaB	"[""miaB"", ""yleA"", ""b0661"", ""ECK0653""]"	693531.0	694955.0	-	"[""G6364_RNA""]"	True	True	1.0	TU0-13018[c]	
G6365	ubiF	"[""ubiF"", ""yleB"", ""b0662"", ""ECK0654""]"	695101.0	696276.0	+	"[""G6365_RNA""]"	True	True	1.0	TU0-8533[c]	
G6370	chiP	"[""chiP"", ""ybfM"", ""b0681"", ""ECK0669""]"	708334.0	709740.0	+	"[""G6370_RNA""]"	True	True	1.0	G6370_RNA[c]	
G6378	dtpD	"[""dtpD"", ""ybgH"", ""b0709"", ""ECK0698""]"	741075.0	742556.0	-	"[""G6378_RNA""]"	True	True	1.0	TU0-8563[c]	
G6393	zitB	"[""zitB"", ""ybgR"", ""b0752"", ""ECK0741""]"	783882.0	784823.0	-	"[""G6393_RNA""]"	True	True	1.0	TU0-13038[c]	
G6397	pgl	"[""pgl"", ""ybhE"", ""b0767"", ""ECK0756""]"	798586.0	799581.0	+	"[""G6397_RNA""]"	True	True	1.0	TU0-8101[c]	
G6416	rlmF	"[""rlmF"", ""ybiN"", ""b0807"", ""ECK0796""]"	842332.0	843258.0	+	"[""G6416_RNA""]"	True	True	1.0	TU0-8568[c]	
G6418	opgE	"[""opgE"", ""ybiP"", ""b0815"", ""ECK0804""]"	851014.0	852597.0	-	"[""G6418_RNA""]"	True	True	1.0	TU0-8569[c]	
G6422	ldtB	"[""ldtB"", ""ybiS"", ""b0819"", ""ECK0809""]"	854824.0	855744.0	-	"[""G6422_RNA""]"	True	True	1.0	TU0-8334[c]	
G6425	ybiV	"[""ybiV"", ""b0822"", ""ECK0812""]"	859213.0	860028.0	-	"[""G6425_RNA""]"	True	True	1.0	TU0-13061[c]	
G6435	rimO	"[""rimO"", ""yliG"", ""b0835"", ""ECK0825""]"	876710.0	878035.0	-	"[""G6435_RNA""]"	True	True	1.0	TU0-8632[c]	
G6437	yliI	"[""yliI"", ""b0837"", ""ECK0827""]"	878742.0	879857.0	+	"[""G6437_RNA""]"	True	True	1.0	TU0-13066[c]	
G6439	ybjG	"[""ybjG"", ""b0841"", ""ECK0831""]"	882792.0	883388.0	-	"[""G6439_RNA""]"	True	True	1.0	TU0-7822[c]	
G6440	mdfA	"[""mdfA"", ""cmlA"", ""cmr"", ""b0842"", ""ECK0832""]"	883673.0	884905.0	+	"[""G6440_RNA""]"	True	True	1.0	TU0-14699[c]	
G6458	lysO	"[""lysO"", ""ybjE"", ""b0874"", ""ECK0865""]"	913958.0	914857.0	-	"[""G6458_RNA""]"	True	True	1.0	TU0-13076[c]	
G6468	ycaO	"[""ycaO"", ""b0905"", ""ECK0896""]"	954872.0	956632.0	-	"[""G6468_RNA""]"	True	True	1.0	TU0-13084[c]	
G6502	yccX	"[""yccX"", ""b0968"", ""ECK0959""]"	1030064.0	1030342.0	+	"[""G6502_RNA""]"	True	True	1.0	TU0-8681[c]	
G6532	dgcT	"[""dgcT"", ""ycdT"", ""b1025"", ""ECK1015""]"	1092876.0	1094234.0	+	"[""G6532_RNA""]"	True	True	1.0	TU0-8682[c]	
G6539	ghrA	"[""ghrA"", ""ycdW"", ""b1033"", ""ECK1019""]"	1097886.0	1098824.0	+	"[""G6539_RNA""]"	True	True	1.0	TU0-13119[c]	
G6561	murJ	"[""murJ"", ""mviN"", ""yceN"", ""b1069"", ""ECK1054""]"	1127839.0	1129374.0	+	"[""G6561_RNA""]"	True	True	1.0	TU0-13132[c]	
G6571	ldtC	"[""ldtC"", ""ycfS"", ""b1113"", ""ECK1099""]"	1169412.0	1170374.0	-	"[""G6571_RNA""]"	True	True	1.0	TU0-13138[c]	
G6617	ycgM	"[""ycgM"", ""b1180"", ""ECK1168""]"	1228079.0	1228738.0	+	"[""G6617_RNA""]"	True	True	1.0	TU0-13170[c]	
G6622	emtA	"[""emtA"", ""ycgP"", ""mltE"", ""sltZ"", ""b1193"", ""ECK1181""]"	1243180.0	1243791.0	+	"[""G6622_RNA""]"	True	True	1.0	TU0-8791[c]	
G6639	pdeR	"[""pdeR"", ""yciR"", ""gmr"", ""b1285"", ""ECK1280""]"	1344757.0	1346742.0	-	"[""G6639_RNA""]"	True	True	1.0	TU0-4021[c]	
G6661	ycjG	"[""ycjG"", ""ycjH"", ""b1325"", ""ECK1321""]"	1388930.0	1389895.0	+	"[""G6661_RNA""]"	True	True	1.0	TU0-8693[c]	
G6674	zntB	"[""zntB"", ""ydaN"", ""b1342"", ""ECK1339""]"	1408050.0	1409033.0	+	"[""G6674_RNA""]"	True	True	1.0	TU0-13223[c]	
G6718	paaJ	"[""paaJ"", ""ydbW"", ""b1397"", ""ECK1394""]"	1460893.0	1462098.0	+	"[""G6718_RNA""]"	True	True	1.0	TU0-44205[c]	
G6746	rlhA	"[""rlhA"", ""ydcP"", ""b1435"", ""ECK1429""]"	1506781.0	1508742.0	+	"[""G6746_RNA""]"	True	True	1.0	TU0-13265[c]	
G6764	ansP	"[""ansP"", ""yncF"", ""b1453"", ""ECK1447""]"	1524481.0	1525980.0	-	"[""G6764_RNA""]"	True	True	1.0	TU0-8147[c]	
G6786	gadC	"[""gadC"", ""acsA"", ""xasA"", ""b1492"", ""ECK1486""]"	1568954.0	1570489.0	-	"[""G6786_RNA""]"	True	True	1.0	TU0-41793[c]	
G6798	lsrK	"[""lsrK"", ""ydeV"", ""b1511"", ""ECK1504""]"	1598617.0	1600209.0	-	"[""G6798_RNA""]"	True	True	1.0	TU0-13298[c]	
G6806	tam	"[""tam"", ""yneD"", ""lsrE"", ""b1519"", ""ECK1512""]"	1607346.0	1608104.0	+	"[""G6806_RNA""]"	True	True	1.0	TU0-13300[c]	
G6850	clcB	"[""clcB"", ""ynfJ"", ""mriT"", ""b1592"", ""ECK1587""]"	1665315.0	1666571.0	+	"[""G6850_RNA""]"	True	True	1.0	TU0-13337[c]	
G6859	tqsA	"[""tqsA"", ""ydgG"", ""b1601"", ""ECK1596""]"	1673913.0	1674947.0	+	"[""G6859_RNA""]"	True	True	1.0	TU0-8532[c]	
G6877	dtpA	"[""dtpA"", ""ydgR"", ""tppB"", ""b1634"", ""ECK1630""]"	1712769.0	1714271.0	+	"[""G6877_RNA""]"	True	True	1.0	TU0-8473[c]	
G6880	anmK	"[""anmK"", ""ydhH"", ""b1640"", ""ECK1636""]"	1718493.0	1719602.0	-	"[""G6880_RNA""]"	True	True	1.0	TU0-13355[c]	
G6886	sodC	"[""sodC"", ""b1646"", ""ECK1642""]"	1724134.0	1724655.0	-	"[""G6886_RNA""]"	True	True	1.0	TU0-13356[c]	
G6892	mepH	"[""mepH"", ""ydhO"", ""b1655"", ""ECK1651""]"	1734435.0	1735250.0	+	"[""G6892_RNA""]"	True	True	1.0	TU0-13359[c]	
G6903	fumD	"[""fumD"", ""ydhZ"", ""b1675"", ""ECK1671""]"	1754932.0	1755141.0	-	"[""G6903_RNA""]"	True	True	1.0	TU0-13365[c]	
G6904	ldtE	"[""ldtE"", ""ynhG"", ""b1678"", ""ECK1674""]"	1757721.0	1758725.0	-	"[""G6904_RNA""]"	True	True	1.0	TU0-13366[c]	
G6924	selO	"[""selO"", ""ydiU"", ""b1706"", ""ECK1704""]"	1789808.0	1791244.0	-	"[""G6924_RNA""]"	True	True	1.0	TU0-8482[c]	
G6932	hxpB	"[""hxpB"", ""yniC"", ""b1727"", ""ECK1725""]"	1809380.0	1810048.0	+	"[""G6932_RNA""]"	True	True	1.0	TU0-13383[c]	
G6934	tcyP	"[""tcyP"", ""ydjN"", ""b1729"", ""ECK1727""]"	1810934.0	1812325.0	+	"[""G6934_RNA""]"	True	True	1.0	TU0-13384[c]	
G6952	ynjE	"[""ynjE"", ""b1757"", ""ECK1755""]"	1839467.0	1840774.0	+	"[""G6952_RNA""]"	True	True	1.0	TU0-13389[c]	
G6954	nudG	"[""nudG"", ""ynjG"", ""orf135"", ""b1759"", ""ECK1757""]"	1841490.0	1841897.0	+	"[""G6954_RNA""]"	True	True	1.0	TU0-8814[c]	
G6967	yeaE	"[""yeaE"", ""b1781"", ""ECK1779""]"	1864782.0	1865636.0	-	"[""G6967_RNA""]"	True	True	1.0	TU0-13399[c]	
G6972	dgcJ	"[""dgcJ"", ""yeaJ"", ""b1786"", ""ECK1784""]"	1872041.0	1873531.0	+	"[""G6972_RNA""]"	True	True	1.0	TU0-13402[c]	
G6973	yeaK	"[""yeaK"", ""b1787"", ""ECK1785""]"	1873574.0	1874077.0	+	"[""G6973_RNA""]"	True	True	1.0	TU0-13403[c]	
G6977	nimT	"[""nimT"", ""yeaN"", ""b1791"", ""ECK1789""]"	1875673.0	1876854.0	+	"[""G6977_RNA""]"	True	True	1.0	TU0-13404[c]	
G6980	dgcP	"[""dgcP"", ""yeaP"", ""b1794"", ""ECK1792""]"	1877715.0	1878740.0	+	"[""G6980_RNA""]"	True	True	1.0	TU0-8714[c]	
G6984	leuE	"[""leuE"", ""yeaS"", ""b1798"", ""ECK1796""]"	1880121.0	1880759.0	-	"[""G6984_RNA""]"	True	True	1.0	TU0-42526[c]	
G6986	dmlA	"[""dmlA"", ""ttuC"", ""yeaU"", ""b1800"", ""ECK1798""]"	1881912.0	1882997.0	+	"[""G6986_RNA""]"	True	True	1.0	TU0-13410[c]	
G6999	mntP	"[""mntP"", ""yebN"", ""b1821"", ""ECK1819""]"	1905688.0	1906254.0	+	"[""G6999_RNA""]"	True	True	1.0	TU0-13420[c]	
G7008	rsmF	"[""rsmF"", ""yebU"", ""b1835"", ""ECK1834""]"	1920223.0	1921662.0	+	"[""G7008_RNA""]"	True	True	1.0	TU0-13428[c]	
G7011	pphA	"[""pphA"", ""yebX"", ""prpA"", ""b1838"", ""ECK1837""]"	1922313.0	1922969.0	-	"[""G7011_RNA""]"	True	True	1.0	G7011_RNA[c]	
G7049	dgcQ	"[""dgcQ"", ""yedQ"", ""b1956"", ""ECK1954""]"	2026323.0	2028017.0	-	"[""G7049_RNA""]"	True	True	1.0	TU0-13460[c]	
G7063	mtfA	"[""mtfA"", ""yeeI"", ""b1976"", ""ECK1972""]"	2043651.0	2044448.0	+	"[""G7063_RNA""]"	True	True	1.0	TU0-13471[c]	
G7067	shiA	"[""shiA"", ""yeeM"", ""b1981"", ""ECK1976""]"	2053643.0	2054959.0	+	"[""G7067_RNA""]"	True	True	1.0	TU0-42474[c]	
G7070	yeeO	"[""yeeO"", ""b1985"", ""ECK1980""]"	2058203.0	2059846.0	-	"[""G7070_RNA""]"	True	True	1.0	TU0-13477[c]	
G7073	ldtA	"[""ldtA"", ""yzzT"", ""yeeG"", ""erfK"", ""b1990"", ""ECK1985""]"	2062391.0	2063323.0	-	"[""G7073_RNA""]"	True	True	1.0	TU0-13478[c]	
G7123	yegS	"[""yegS"", ""b2086"", ""ECK2082""]"	2168712.0	2169611.0	+	"[""G7123_RNA""]"	True	True	1.0	TU0-8328[c]	
G7147	mepS	"[""mepS"", ""yeiV"", ""spr"", ""b2175"", ""ECK2169""]"	2269979.0	2270545.0	+	"[""G7147_RNA""]"	True	True	1.0	TU0-13550[c]	
G7164	nudI	"[""nudI"", ""yfaO"", ""b2251"", ""ECK2244""]"	2364554.0	2364979.0	+	"[""G7164_RNA""]"	True	True	1.0	TU0-8730[c]	
G7176	elaD	"[""elaD"", ""b2269"", ""ECK2263""]"	2382713.0	2383924.0	+	"[""G7176_RNA""]"	True	True	1.0	TU0-13574[c]	
G7199	mnmC	"[""mnmC"", ""yfcK"", ""trmC"", ""b2324"", ""ECK2318""]"	2441764.0	2443770.0	+	"[""G7199_RNA""]"	True	True	1.0	TU0-8823[c]	
G7211	sixA	"[""sixA"", ""yfcW"", ""b2340"", ""ECK2334""]"	2456327.0	2456812.0	-	"[""G7211_RNA""]"	True	True	1.0	TU0-3481[c]	
G7241	lpxP	"[""lpxP"", ""ddg"", ""b2378"", ""ECK2374""]"	2495645.0	2496565.0	+	"[""G7241_RNA""]"	True	True	1.0	TU0-3421[c]	
G7254	mntH	"[""mntH"", ""mntA"", ""yfeP"", ""b2392"", ""ECK2387""]"	2511468.0	2512706.0	-	"[""G7254_RNA""]"	True	True	1.0	TU0-7321[c]	
G7330	hcaT	"[""hcaT"", ""yfhS"", ""b2536"", ""ECK2533""]"	2666707.0	2667846.0	-	"[""G7330_RNA""]"	True	True	1.0	TU0-13660[c]	
G7410	mltB	"[""mltB"", ""slt"", ""b2701"", ""ECK2696""]"	2824491.0	2825576.0	-	"[""G7410_RNA""]"	True	True	1.0	TU0-13719[c]	
G7415	pphB	"[""pphB"", ""ygbH"", ""prpB"", ""b2734"", ""ECK2729""]"	2859760.0	2860416.0	+	"[""G7415_RNA""]"	True	True	1.0	TU0-13720[c]	
G7422	truD	"[""truD"", ""ygbO"", ""b2745"", ""ECK2740""]"	2870255.0	2871304.0	-	"[""G7422_RNA""]"	True	True	1.0	TU0-14314[c]	
G7443	queE	"[""queE"", ""ygcF"", ""b2777"", ""ECK2771""]"	2904747.0	2905418.0	-	"[""G7443_RNA""]"	True	True	1.0	TU0-8339[c]	
G7496	mocA	"[""mocA"", ""ygfJ"", ""b2877"", ""ECK2873""]"	3015160.0	3015738.0	+	"[""G7496_RNA""]"	True	True	1.0	TU0-13780[c]	
G7507	uacT	"[""uacT"", ""ygfU"", ""b2888"", ""ECK2883""]"	3031367.0	3032815.0	+	"[""G7507_RNA""]"	True	True	1.0	TU0-13785[c]	
G7508	idi	"[""idi"", ""ygfV"", ""b2889"", ""ECK2884""]"	3033065.0	3033613.0	+	"[""G7508_RNA""]"	True	True	1.0	TU0-13786[c]	
G7513	yqfB	"[""yqfB"", ""b2900"", ""ECK2895""]"	3043312.0	3043623.0	-	"[""G7513_RNA""]"	True	True	1.0	TU0-13790[c]	
G7558	gpr	"[""gpr"", ""mgrA"", ""yghZ"", ""b3001"", ""ECK2995""]"	3147897.0	3148937.0	+	"[""G7558_RNA""]"	True	True	1.0	TU0-8754[c]	
G7593	nfeF	"[""nfeF"", ""yqjH"", ""b3070"", ""ECK3060""]"	3215727.0	3216491.0	-	"[""G7593_RNA""]"	True	True	1.0	TU0-8327[c]	
G7603	rlmG	"[""rlmG"", ""ygjO"", ""b3084"", ""ECK3074""]"	3234739.0	3235875.0	-	"[""G7603_RNA""]"	True	True	1.0	TU0-13855[c]	
G7607	alx	"[""alx"", ""ygjT"", ""b3088"", ""ECK3079""]"	3238580.0	3239545.0	+	"[""G7607_RNA""]"	True	True	1.0	TU0-13859[c]	
G7647	yhbO	"[""yhbO"", ""b3153"", ""ECK3141""]"	3298974.0	3299492.0	+	"[""G7647_RNA""]"	True	True	1.0	TU0-8574[c]	
G7756	yhhW	"[""yhhW"", ""b3439"", ""ECK3424""]"	3578950.0	3579645.0	-	"[""G7756_RNA""]"	True	True	1.0	TU0-13936[c]	
G7833	yjeH	"[""yjeH"", ""b4141"", ""ECK4135""]"	4369156.0	4370412.0	-	"[""G7833_RNA""]"	True	True	1.0	TU0-8610[c]	
G7836	epmB	"[""epmB"", ""yjeK"", ""b4146"", ""ECK4140""]"	4374629.0	4375657.0	-	"[""G7836_RNA""]"	True	True	1.0	TU0-14143[c]	
G7841	rsgA	"[""rsgA"", ""yjeQ"", ""b4161"", ""ECK4157""]"	4390457.0	4391509.0	-	"[""G7841_RNA""]"	True	True	1.0	TU0-14150[c]	
G7843	queG	"[""queG"", ""yjeS"", ""b4166"", ""ECK4162""]"	4392928.0	4394067.0	-	"[""G7843_RNA""]"	True	True	1.0	TU0-8611[c]	
G7866	ytfE	"[""ytfE"", ""dnrN"", ""b4209"", ""ECK4205""]"	4431321.0	4431983.0	-	"[""G7866_RNA""]"	True	True	1.0	TU-8441[c]	
G7868	qorB	"[""qorB"", ""ytfG"", ""b4211"", ""ECK4207""]"	4433164.0	4434024.0	-	"[""G7868_RNA""]"	True	True	1.0	TU0-14161[c]	
G7919	nanS	"[""nanS"", ""yjhS"", ""b4309"", ""ECK4300""]"	4536614.0	4537594.0	-	"[""G7919_RNA""]"	True	True	1.0	TU0-14196[c]	
G7921	nanC	"[""nanC"", ""yjhA"", ""b4311"", ""ECK4302""]"	4538785.0	4539501.0	-	"[""G7921_RNA""]"	True	True	1.0	TU0-14323[c]	
G7942	btsT	"[""btsT"", ""yjiY"", ""b4354"", ""ECK4344""]"	4589129.0	4591279.0	-	"[""G7942_RNA""]"	True	True	1.0	TU0-42491[c]	
G7945	lgoD	"[""lgoD"", ""yjjN"", ""b4358"", ""ECK4348""]"	4595990.0	4597012.0	+	"[""G7945_RNA""]"	True	True	1.0	TU0-8628[c]	
G7950	rsmC	"[""rsmC"", ""yjjT"", ""b4371"", ""ECK4362""]"	4606669.0	4607700.0	-	"[""G7950_RNA""]"	True	True	1.0	TU0-14215[c]	
